grant_id,recipient,amount,agency,description,is_biotech,biotech_strategies,materials,topics
DESC0026226,WYONICS LLC,156852.0,,RECOVERY AND SELECTIVE ELECTROCHEMICAL SEPARATION OF RARE EARTH ELEMENTS,False,,rare_earth,extraction;separation_purification
DESC0026218,THE PENNSYLVANIA STATE UNIVERSITY,636000.0,,CONFORMATIONAL DYNAMICS IN DISCRIMINATION OF RARE EARTHS BY LANMODULINS AND THEIR DERIVATIVES,True,protein_based,rare_earth,
DESC0026210,TRUSTEES OF DARTMOUTH COLLEGE,901161.8,,MAGNETIC PROPERTIES OF COBALT-BEARING MINERALS,False,,cobalt,
DESC0026161,NEW MEXICO INSTITUTE OF MINING AND TECHNOLOGY,2500000.0,,REE FRACTIONATION THROUGH COUPLED HYDROTHERMAL REE-CL/SO4/CO3 LIGAND COMPLEXATION AND MINERAL ADSORPTION/SOLID SOLUTION INTERACTION MECHANISMS,False,,rare_earth,fundamental_science;geochemistry
DESC0026084,CORNELL UNIVERSITY,875000.0,,LEVERAGING COOPERATIVE COMPLEXATION IN HELICAL LADDER POLYMERS FOR RARE EARTH ELEMENT SEPARATION,False,,rare_earth,separation_purification
DESC0026025,THE TRUSTEES OF COLUMBIA UNIVERSITY IN THE CITY OF NEW YORK,264000.0,,PROBING CHELATION EFFECTS ON PROTEIN-BASED RARE EARTH ELEMENT SEPARATIONS,False,,rare_earth,separation_purification
DESC0025792,"UNIVERSITY OF CALIFORNIA, SANTA BARBARA",563319.06,,LEVERAGING MACROCYCLIC CHELATORS FOR RARE EARTH ELEMENT SEPARATIONS,False,,rare_earth,separation_purification
DESC0025607,CASE WESTERN RESERVE UNIVERSITY,875000.0,,WASTED SPACE?: VISUALIZING RARE EARTH ELEMENT LIGAND AND ANALYTE ACCESS WITHIN POROUS MATERIALS,False,,rare_earth,characterization
DESC0025320,STEL CONTROLS LLC,199927.0,,CONCENTRATED SOLAR THERMAL DRYING FOR MINED MINERALS,False,,general_mineral,
DESC0025289,ILLINOIS INSTITUTE OF TECHNOLOGY,450000.0,,EXPLORING THE FEASIBILITY OF AQUA-MINING FOR RECOVERY OF CRITICAL METALS USING COMPUTATIONAL MOLECULAR MODELING,False,,critical_minerals,extraction;exploration;fundamental_science;modeling_simulation
DESC0025217,UNIVERSITY OF MISSOURI SYSTEM,660000.0,,EXTRACTION OF RARE EARTH ELEMENTS USING CHEMICALLY-ENHANCED ELECTRODIALYSIS (CEED),False,,rare_earth,extraction
DESC0025054,MICROBEAM TECHNOLOGIES INCORPORATED,249986.0,,SUBSURFACE CHARACTERIZATION OF CRITICAL MINERALS USING DOWN HOLE LOGGING EQUIPMENT,False,,critical_minerals,characterization
DESC0025053,"METROLASER, INCORPORATED",249921.0,,ROBUST SPLIT LASER SPECTROSCOPIC SENSOR FOR IN-SITU CHARACTERIZATION OF RARE EARTH ELEMENTS AND OTHER CRITICAL MINERALS IN MINING DEPOSITS,False,,rare_earth;critical_minerals,characterization
DESC0024741,"TRITON SYSTEMS, INC.",199971.0,,RARE EARTH AND CRITICAL ELEMENTS RECOVERY VIA SELECTIVE MEMBRANES: AI/ML-GUIDED MEMBRANE DEVELOPMENT,False,,rare_earth;critical_minerals,extraction
DESC0024500,"UNIVERSITY OF CALIFORNIA, SAN DIEGO",540000.0,,RETICULAR MATERIALS AND DATA-DRIVEN COMPUTER SIMULATIONS FOR SEAWATER MINING OF VALUABLE METALS,False,,critical_minerals;battery_materials,modeling_simulation;materials_science
DESC0024392,BOISE STATE UNIVERSITY,888250.0,,UPTAKE MECHANISMS OF REE IN SEDIMENTARY PHOSPHORITE MINERAL SPONSOR: DEPARTMENT OF ENERGY,False,,rare_earth;phosphate,fundamental_science
DESC0024047,RESILIENCE ANALYTICS LLC,1299473.0,,MAPPING RISKS AND STRESS TESTING RESILIENCE IN CRITICAL MINERAL SUPPLY CHAINS,False,,critical_minerals,
DESC0023933,NUMAT TECHNOLOGIES INC,199483.0,,FUNCTIONALIZED POLYMERIC RESINS FOR HIGH-PURITY SEPARATIONS OF RARE EARTH ELEMENTS,False,,rare_earth,separation_purification
DESC0023882,WYONICS LLC,200000.0,,SELECTIVE ELECTROCHEMICAL RECOVERY OF RARE EARTH ELEMENTS FROM ORE,False,,rare_earth,extraction
DESC0023792,"CF TECHNOLOGIES, INC",206497.0,,CHROMATOGRAPHIC SEPARATION OF RARE EARTH ELEMENTS,False,,rare_earth,separation_purification
DESC0023035,VIRGINIA POLYTECHNIC INSTITUTE & STATE UNIVERSITY,750000.0,,POLYMERIC CHELATORS FOR RARE-EARTH ELEMENT EXTRACTION AND SEPARATION,False,,rare_earth,extraction;separation_purification
DESC0022984,UNIVERSITY OF CHICAGO,749998.0,,PROBING THE COORDINATION IN CONFINEMENT FOR ELECTROCHEMICAL SEPARATION AMONG RARE EARTH ELEMENTS,False,,rare_earth,separation_purification
DESC0022866,MATERIALS MODIFICATIONS INC,200000.0,,CRITICAL MINERALS AND MATERIALS RECOVERY FROM OIL AND GAS PRODUCED WATER,False,,critical_minerals;general_mineral,extraction
DESC0022761,"CF TECHNOLOGIES, INC",206476.0,,SUPERCRITICAL RECOVERY OF RARE EARTH ELEMENTS FROM PHOSPHATE MINING WASTE,False,,rare_earth;phosphate,extraction
DESC0022758,CEMVITA FACTORY INC,1347265.0,,BIOLEACHING APPROACHES FOR RECOVERY OF LITHIUM FROM CLAYS,True,bioleaching,lithium,extraction
DESC0022475,"BIOENNO TECH, LLC",200000.0,,"RARE EARTH OXIDE (REO)-BASED HIGH-VOLTAGE, HIGH-CAPACITY LINIPO4 AS CATHODE OF HIGH-SAFETY, HIGH-ENERGY-DENSITY SOLID-STATE LI-ION BATTERIES(SSLIBS) FOR ELECTRIC DRIVE VEHICLE APPLICATIONS",False,,rare_earth;lithium,
DESC0022451,UNIVERSITY OF CHICAGO,750000.0,,TRACING THE CYCLING OF RARE EARTH ELEMENTS ON EARTH USING COMBINED ISOTOPIC AND VIBRATIONAL SPECTROSCOPIC APPROACHES,False,,rare_earth,characterization;geochemistry
DESC0022269,NEW MEXICO INSTITUTE OF MINING AND TECHNOLOGY,1800000.0,,MOLECULAR COMPLEXATION OF RARE EARTH ELEMENTS (REE) IN HIGH TEMPERATURE AND PRESSURE SUPERCRITICAL GEOLOGIC FLUIDS,False,,rare_earth,fundamental_science
DESC0022231,UNIVERSITY OF CHICAGO,1910155.0,,TAILORING THE SELECTIVE TRANSPORT PATHWAY OF RARE EARTH ELEMENTS IN SOLID IONIC CHANNELS GUIDED BY IN SITU CHARACTERIZATION AND PREDICTIVE MODELING,False,,rare_earth,characterization;modeling_simulation
DESC0022217,TRUSTEES OF THE COLORADO SCHOOL OF MINES,1375275.0,,DRIVING SELECTIVITY AMONG RARE EARTH ELEMENTS THROUGH PHASE MODIFIERS,False,,rare_earth,
DESC0022213,"WASHINGTON UNIVERSITY, THE",1260000.0,,GEOCHEMICAL MECHANISMS CONTROLLING RARE EARTH ELEMENT AND PLATINUM GROUP ELEMENT MIGRATION AND ENRICHMENT DURING CRUSTAL AQUEOUS ALTERATION AND WEATHERING,False,,rare_earth,characterization;fundamental_science;geochemistry
DESC0022168,NORTHEASTERN UNIVERSITY,2100000.0,,DESIGNING STRONG STABILITY IN NON-CRITICAL AND RARE-EARTH-LEAN MAGNETIC MATERIALS,False,,rare_earth,
DESC0021920,PHOENIX TAILINGS INC,250000.0,,ADVANCED LOW-ENERGY TECHNIQUE FOR PRODUCING RARE EARTH METAL USING A MIXED HALIDE MOLTEN SALT,False,,rare_earth,
DESC0021884,"TDA RESEARCH, INC.",250000.0,,IONIC LIQUID-BASED ELECTROWINNING FOR REFINING OF RARE EARTH OXIDES/SALTS,False,,rare_earth,separation_purification
DESC0021837,MICROBEAM TECHNOLOGIES INCORPORATED,249886.0,,"DEVELOPMENT OF SORTING ALGORITHM FOR CRITICAL MINERAL-RICH COAL RESOURCE FEEDSTOCKS FOR USE IN FULL-STREAM 
ANALYZERS",False,,critical_minerals;general_mineral,
DESC0021745,POWDERMET INC,1349698.0,,RARE EARTH FREE MOTOR DESIGNS WITH MNBI,False,,rare_earth,
DESC0021742,"RESPEC COMPANY, LLC",249929.0,,PRODUCTION OF CRITICAL MINERALS FROM COAL-BASED RESOURCES,False,,critical_minerals;general_mineral,
DESC0021702,"GLYCOSURF, INC.",1905820.0,,DEVELOPMENT OF LIGAND-ASSOCIATED SOLID-LIQUID EXTRACTION MEDIA SYSTEM FOR SEPARATION OF HIGH PURITY INDIVIDUAL RARE EARTH ELEMENTS FROM COAL-BASED RESOURCES,False,,rare_earth,extraction;separation_purification
DESC0021662,CORNELL UNIVERSITY,396680.94,,TUNING THE ION SIZE SELECTIVITY OF MACROCYCLIC AQUEOUS COMPLEXANTS FOR USE IN RARE EARTH ELEMENT SEPARATIONS,False,,rare_earth,separation_purification
DESC0021461,"SKYHAVEN SYSTEMS, LLC",206440.86,,RARE EARTH METAL SEPARATION AND RECOVERY,False,,rare_earth,extraction;separation_purification
DESC0021106,NEW MEXICO INSTITUTE OF MINING AND TECHNOLOGY,895551.85,,AN INTERNALLY CONSISTENT THERMODYNAMIC DATABASE FOR THE RARE EARTH ELEMENTS (REE) AT HYDROTHERMAL CONDITIONS,False,,rare_earth,fundamental_science;geochemistry
DESC0021007,THE PENNSYLVANIA STATE UNIVERSITY,750000.0,,PROBING IANMODULIN'S MECHANISMS OF RARE-EARTH SELECTIVITY FOR PROTEIN-BASED BIOSEPARATIONS,False,,rare_earth,fundamental_science
DESC0020853,"PIONEER INVENTION, LLC",1356049.0,,RARE EARTH ELEMENT EXTRACTION AND RECYCLING,False,,rare_earth,extraction;recycling
DESC0020813,UHV TECHNOLOGIES INC,200000.0,,"LOW COST, HIGH THROUGHPUT RARE EARTH RECOVERY SYSTEM FOR END OF LIFE SCRAP",False,,rare_earth,extraction;recycling
DESC0020204,TEXAS TECH UNIVERSITY SYSTEM,400380.55,,CHEMICALLY ENHANCED ELECTRODIALYSIS (CEED) FOR RECOVERY OF RARE EARTH ELEMENTS,False,,rare_earth,extraction
DESC0020071,CLEMSON UNIVERSITY,1161624.0,,CRYSTAL GROWTH AND QUANTUM PHASES OF FRUSTRATED RARE EARTH OXIDES,False,,rare_earth,fundamental_science
DESC0020031,TECHNOLOGY HOLDING LLC,200000.0,,NANOPOROUS ATOMICALLY THIN MEMBRANES FOR DESALINATION AND RARE EARTH MATERIALS RECOVERY,False,,rare_earth,extraction;fundamental_science
DESC0020030,"TRITON SYSTEMS, INC.",206134.0,,RARE EARTH ELEMENT HARVESTING FROM SEAWATER RO BRINE,False,,rare_earth,
DESC0019895,"GREENBLU, INC.",200000.0,,ZERO DISCHARGE DESALINATION WITH MINERAL RECOVERY USING MULTIPLE-EFFECT VAPOR ABSORPTION,False,,general_mineral,extraction
DESC0019871,QUANTUM VENTURA INC,2449045.0,,THE ENERGY AND COST-EFFICIENT E-WASTE RECOVERY PROJECT FOR RARE-EARTHS AND PRECIOUS METALS,False,,rare_earth;gold,extraction;recycling
DESC0019804,MATERIALS RESEARCH LLC,199905.8,,SILICON-CALCIUM BASED REDUCTION OF RARE EARTH OXIDES,False,,rare_earth,
DESC0019794,"FARADAY TECHNOLOGY, INC.",206500.0,,LOW TEMPERATURE REDUCTION OF RARE EARTH METALS USING IONIC LIQUIDS,False,,rare_earth,
DESC0019565,"CF TECHNOLOGIES, INC",1199467.0,,"SUPERCRITICAL FLUID SEPARATION AND PURIFICATION OF RARE EARTH ELEMENTS, PARTICULARLY LANTHANIDES INCLUDING 177-LU, TO LOWER ENERGY CONSUMPTION, REDUCE PROCESSING TIME AND REDUCE WASTES",False,,rare_earth,separation_purification
DESC0018561,WYONICS LLC,150000.0,,IONIC LIQUIDS AS ADVANCED SOLVENTS FOR THE EXTRACTION OF RARE EARTH ELEMENTS FROM COAL PRODUCTS,False,,rare_earth,extraction
DESC0018557,"MONTANA EMERGENT TECHNOLOGIES, INC.",150000.0,,PERMEABILITY CONTROL FOR ENHANCED OIL AND GAS RECOVERY IN UNCONVENTIONAL RESERVOIRS USING ADVANCED MINERAL PRECIPITATION TECHNOLOGIES,False,,,extraction;separation_purification
DESC0018528,"SKYHAVEN SYSTEMS, LLC",149978.0,,RARE EARTH EXTRACTION FROM COAL FLY ASH,False,,rare_earth;coal_byproduct,extraction
DESC0017762,PHYSICAL SCIENCES INC.,224843.0,,SPECTROCHEMICAL DETECTION AND MONITORING OF RARE EARTH ELEMENTS DURING EXTRACTION FROM COAL/COAL BYPRODUCTS,False,,rare_earth;coal_byproduct,extraction
DESC0017737,PHYSICAL OPTICS CORPORATION,188730.89,,RARE EARTH ELEMENT MASS ANALYZER,False,,rare_earth,
DESC0017259,"TRUSTEES OF THE UNIVERSITY OF PENNSYLVANIA, THE",2072920.0,,ADVANCING SEPARATIONS OF RARE EARTH ELEMENTS THROUGH COORDINATION AND (PHOTO)REDOX CHEMISTRY,False,,rare_earth,separation_purification
DENE0008261,"OHIO STATE UNIVERSITY, THE",618910.1,,RARE EARTH ELECTROCHEMICAL PROPERTY MEASUREMENTS AND PHASE DIAGRAM DEVELOPMENT IN A COMPLEX MOLTEN SALT MIXTURE FOR MOLTEN SALT RECYCLE,False,,rare_earth,recycling
DENA0003916,UNIVERSITY OF ALABAMA AT BIRMINGHAM,494999.99,,"UNIVERSITY OF ALABAMA AT BIRMINGHAM
STUDIES ON RARE EARTH METALS AND ALLOYS UNDER TERAPASCAL PRESSURES IN SUPPORT OF THE STOCKPILE STEWARDSHIP PROGRAM
MOD 0000 FULLY FUNDS BUDGET YEAR 1 OF THE GRANT I",False,,rare_earth,
DENA0002928,UNIVERSITY OF ALABAMA AT BIRMINGHAM,449999.99,,STUDIES ON RARE EARTH METALS AND ALLOYS UNDER EXTREME CONDITIONS IN SUPPORT OF THE STOCKPILE STEWARDSHIP PROGRAM,False,,rare_earth,
DEMS0000144,"MICHIGAN DEPARTMENT OF ENVIRONMENT, GREAT LAKES, AND ENERGY",2000000.0,,"BIPARTISAN INFRASTRUCTURE LAW (BIL) - MICHIGAN’S SUSTAINABLE PATH TO CONSUMER BATTERY RECYCLING

THE OBJECTIVE OF THIS PROJECT IS TO COORDINATE EXISTING BATTERY RELATED STATE FUNDING AND PROGRAM EFFOR",False,,battery_materials,recycling;environmental
DEMS0000114,"URBIX, INC",124609721.0,,"BIPARTISAN INFRASTRUCTURE LAW (BIL): COMMERCIAL PRODUCTION OF ADVANCED BATTERY GRADE GRAPHITE

THE RECIPIENT IS AN ADVANCED CRITICAL MINERALS PROCESSING COMPANY THAT HAS DEVELOPED AN INNOVATIVE, COST-",False,,critical_minerals;general_mineral,
DEMS0000104,AMERICAN BATTERY TECHNOLOGY COMPANY,122993645.63,,"BIPARTISAN INFRASTRUCTURE LAW (BIL) - COMMERCIAL SCALE BATTERY RECYCLING FACILITY FOR THE MANUFACTURING OF DOMESTIC CRITICAL MINERALS 

THE OBJECTIVE OF THIS PROJECT IS TO CONSTRUCT A COMMERCIAL SCALE",False,,battery_materials;critical_minerals,recycling
DEMS0000101,"REVEX TECHNOLOGIES, INC.",122993645.63,,"BIPARTISAN INFRASTRUCTURE LAW: REV NICKEL: A PARTNERSHIP BETWEEN A NEXT-GENERATION CRITICAL MINERAL PROCESSING COMPANY AND THE ONLY OPERATING US NICKEL MINE TO TURN WASTE STREAMS
THE OBJECTIVE OF THE ",False,,nickel;critical_minerals;general_mineral,
DEMS0000003,TALON NICKEL (USA) LLC,114846344.0,,"DE-MS00000003
TALON NICKEL (USA) LLC
BIPARTISAN INFRASTRUCTURE LAW (BIL) PROJECT DOUBLE PLAY: AN ADVANCED DOMESTIC BATTERY MINERALS PROCESSING FACILITY
NEW AWARD",False,,nickel;general_mineral,
DEFE0032555,UNIVERSITY OF UTAH,5000000.0,,"BIPARTISAN INFRASTRUCTURE LAW (BIL) - ADVANCED PROCESSING FOR CRITICAL MATERIALS EXTRACTION, RECOVERY, SEPARATION, AND PURIFICATION

THE OBJECTIVES OF THIS PROJECT IS TO 1) EVALUATE TECHNOLOGIES FOR P",False,,critical_minerals,extraction;separation_purification
DEFE0032526,WEST VIRGINIA OFFICE OF ENERGY,270000.0,,"HYDROGEN AND CRITICAL MINERAL EXTRACTION FROM FOSSIL FUELS

THIS PROJECT’S PURPOSE IS TO EXPLORE THE POTENTIAL FOR THE PRODUCTION OF LI-ION BATTERY GRADE GRAPHITE AND HYDROGEN FROM COAL, AND IDENTIFY ",False,,lithium;critical_minerals;general_mineral,extraction
DEFE0032522,MICROBEAM TECHNOLOGIES INCORPORATED,2499978.0,,"THE OVERALL OBJECTIVE OF THIS PROJECT IS TO DEMONSTRATE AT A BENCH-SCALE AN ADVANCED PROCESS TO PRODUCE 
GE AND GA FROM A MIXED RARE EARTH OXIDE/MIXED RARE EARTH SALT (MREO/MRES) CONCENTRATE FROM A CA",False,,rare_earth,process_development
DEFE0032517,WEST VIRGINIA UNIVERSITY RESEARCH CORPORATION,5000000.0,,"BIPARTISAN INFRASTRUCTURE LAW (BIL) - SEPARATION OF RARE EARTH OXIDES AND REDUCTION TO METAL PRODUCTS 

THE OVERALL OBJECTIVE OF THIS PROJECT IS TO DESIGN, DEVELOP, AND DEPLOY INNOVATIVE PROCESS TECHN",False,,rare_earth,separation_purification
DEFE0032505,"UNIVERSITY OF KENTUCKY RESEARCH FOUNDATION, THE",5000000.0,,"THIS PROJECT PLANS TO CONDUCT PILOT TESTING TO OBTAIN AQUEOUS SOLUTIONS RICH IN MIXED RARE EARTH ELEMENTS AND CRITICAL MINERALS AND MATERIALS (MANGANESE, COBALT, NICKEL, AND STRONTIUM) AND A LITHIUM-C",False,,rare_earth;lithium;cobalt;nickel;manganese;critical_minerals,process_development
DEFE0032498,THE PENNSYLVANIA STATE UNIVERSITY,4999801.0,,"THE ALLIANCE FOR CRITICAL MINERAL EXTRACTION AND PRODUCTION FROM COAL-BASED RESOURCES FOR VITALITY ENHANCEMENT IN DOMESTIC SUPPLY CHAINS(ACME-REVIVE)

THE PRIMARY OBJECTIVE OF THE ALLIANCE FOR CRITICA",False,,critical_minerals;general_mineral,extraction
DEFE0032495,LEHIGH UNIVERSITY,2000000.0,,"CHARACTERIZATION AND RECOVERY OF RARE EARTH ELEMENTS/ELEMENTS OF INTEREST IN COAL COMBUSTION RESIDUAL WASTEWATER AND SOLID WASTES ASSOCIATED WITH COAL POWER GENERATION
THE PROJECT OBJECTIVE IS TO CHAR",False,,rare_earth;coal_byproduct,extraction;characterization
DEFE0032490,"TETRA TECH, INC.",5389456.0,,"BIPARTISAN INFRASTRUCTURE LAW (BIL) - DEMONSTRATION SCALE MODULAR RARE EARTH METALS, ALUMINA, AND LITHIUM CARBONATE PRODUCTION PLANT FROM BITUMINOUS COAL UNDERCLAY",False,,rare_earth;lithium,process_development
DEFE0032489,UNIVERSITY OF ILLINOIS,4000000.0,,"BIPARTISAN INFRASTRUCTURE LAW (BIL) - ILLINOIS RARE EARTH NOVEL EXTRACTION AND SUPPLY (IRENES)

THE ILLINOIS RARE EARTH NOVEL EXTRACTION AND SUPPLY (IRENES) PROJECT SEEKS TO PERFORM THE FRONT END ENGI",False,,rare_earth,extraction
DEFE0032488,WINNER WATER SERVICES INC,7993082.0,,"THE RECIPIENT WILL PERFORM A FRONT END ENGINEERING AND DESIGN (FEED) STUDY, BASED ON AN ASSOCIATION FOR ADVANCEMENT OF COST ENGINEERING (AACE) CLASS 3 COST STRATEGY, OF A 1-3 T MIXED RARE EARTH OXIDE ",False,,rare_earth,
DEFE0032481,"WASHINGTON UNIVERSITY, THE",499683.0,,NOVEL SUPERCRITICAL FLUID EXTRACTION/ENRICHMENT OF RARE EARTH ELEMENTS DIRECTLY FROM SOLID COAL-BASED RESOURCES,False,,rare_earth,extraction
DEFE0032480,DUKE UNIVERSITY,500000.0,,"CHARACTERIZATION OF COAL MINE DRAINAGE WASTES TO INFORM THE EXTRACTION POTENTIAL OF CRITICAL METALS

THIS PROJECT WILL STUDY GEOCHEMICAL CHARACTERISTICS OF COAL ACID MINE DRAINAGE (AMD) FLUIDS AND TRE",False,,coal_byproduct;critical_minerals,extraction;characterization;environmental;geochemistry
DEFE0032476,TENNESSEE STATE UNIVERSITY,800000.0,,DEVELOPMENT OF MINING ENGINEERING EDUCATION CURRICULUM AT TENNESSEE STATE UNIVERSITY TO PREPARE A WORKFORCE FOR CRITICAL MINERAL PRODUCTION. THE OVERALL OBJECTIVE OF THE PROJECT IS TO DEVELOP A COMPRE,False,,critical_minerals,
DEFE0032474,GEORGIA TECH RESEARCH CORP,500000.0,,"TESTING AND DEVELOPING IONIC LIQUIDS FOR INTEGRATED LEACHING, EXTRACTION, SEPARATION AND REFINEMENT OF RARE EARTH ELEMENTS FROM COAL FLY ASH.
THE OVERALL OBJECTIVE OF THIS PROJECT IS TO DEVELOP A SMAL",False,,rare_earth;coal_byproduct,extraction;separation_purification
DEFE0032470,HOWARD UNIVERSITY,499971.0,,APPLICATION OF CARBORANYL IONIC LIQUIDS FOR RARE EARTH ELEMENT RECOVERY FROM COAL ASH,False,,rare_earth;coal_byproduct,extraction
DEFE0032469,"UNIVERSITY OF KENTUCKY RESEARCH FOUNDATION, THE",499811.0,,ADVANCING RARE EARTH ELEMENT RECOVERY FROM COAL REFUSE STREAMS: AN IONIC LIQUID-ASSISTED PROCESS COUPLED WITH MOLECULAR DYNAMICS SIMULATION-SUPPORTED MACHINE LEARNING FOR NOVEL IONIC LIQUID DEVELOPMEN,False,,rare_earth;coal_byproduct,extraction;fundamental_science;modeling_simulation
DEFE0032353,REGENTS OF THE UNIVERSITY OF CALIFORNIA AT RIVERSIDE,2000000.0,,THE OVERARCHING GOAL IS TO CREATE A CRITICAL MINERALS ANALYTICAL FACILITY AT UC RIVERSIDE (UCR) AND THE PALM DESERT CAMPUS OF UCR (UCR PD) TO MEET THE NEEDS OF THE EMERGING LITHIUM (LI) INDUSTRY IN TH,False,,lithium;critical_minerals,characterization
DEFE0032320,VIRGINIA POLYTECHNIC INSTITUTE & STATE UNIVERSITY,1000000.0,,THIS PROJECT IS TO COMPLETE THE DEVELOPMENT AND VALIDATION OF NOVEL PROCESSES FOR THE RECOVERY OF CARBONACEOUS MATERIALS AND RARE EARTH ELEMENTS (REES) FROM COAL WASTE.,False,,rare_earth;coal_byproduct,extraction
DEFE0032319,THE PENNSYLVANIA STATE UNIVERSITY,2100000.0,,"ACIDIC WATER POLLUTION CLEANUP AND COMMUNITY ECONOMIC DEVELOPMENT THROUGH DOMESTIC PRODUCTION OF 
CRITICAL MINERALS FOR NATIONAL SECURITY. THE OBJECTIVE OF THIS EFFORT IS TO DESIGN AND INSTALL A MODUL",False,,critical_minerals,environmental
DEFE0032296,WEST VIRGINIA UNIVERSITY,8000000.0,,"BIPARTISAN INFRASTRUCTURE LAW (BIL) - ACID MINE DRAINAGE AND RARE EARTH ELEMENTS (AMDREE): INTEGRATED TREATMENT OF ACID MINE DRAINAGE AND RARE EARTH PRODUCTION

THE PROJECT WILL COMPLETE A FRONT-END E",False,,rare_earth;coal_byproduct,environmental
DEFE0032295,UNIVERSITY OF NORTH DAKOTA,7999999.0,,"BIPARTISAN INFRASTRUCTURE LAW (BIL) - RECOVERY AND REFINING OF RARE EARTH ELEMENTS FROM LIGNITE MINE WASTES
THE PROJECT WILL DEVELOP A CLASS 3 COST ESTIMATE AND ASSOCIATED FRONT-END ENGINEERING DESIGN",False,,rare_earth,extraction
DEFE0032236,MICHIGAN TECHNOLOGICAL UNIVERSITY,749980.0,,"NEW AWARD: ALUMINUM CRITICAL MINERAL PRODUCTION VIA LANDFILL MINING:
ENVIRONMENTAL, COMMUNITY, AND TECHNICAL FEASIBILITY FOR INTEGRATED MULTI-MATERIAL RESOURCE RECOVERY",False,,critical_minerals,extraction;environmental
DEFE0032123,FLORIDA POLYTECHNIC UNIVERSITY,199481.74,,"NEW AWARD DE-FE0032123, DEPARTMENT OF ENERGY (DOE) WITH THE FLORIDA POLYTECHIC UNIVERSITY TITLED: TECHNOLOGY DEVELOPMENT AND INTEGRATION FOR VOLUME PRODUCTION OF HIGH PURITY RARE EARTH METALS FROM PHO",False,,rare_earth,
DEFE0032122,UNIVERSITY OF UTAH,200000.0,,"DE-FE0032122
NEW AWARD
EXTRACTION, SEPARATION, AND PRODUCTION OF HIGH PURITY RARE EARTH ELEMENTS AND CRITICAL MINERALS FROM COAL-BASED AND RELATED RESOURCES",False,,rare_earth;critical_minerals,extraction;separation_purification
DEFE0032121,UNIVERSITY OF NORTH DAKOTA,200000.0,,"DE-FE0032121; NEW AWARD
''TUNABLE ELECTROCHEMICAL PATHWAY FOR HIGH-PURITY RARE EARTH METALS (REM) AND CRITICAL MINERALS (CM)''",False,,rare_earth;critical_minerals,
DEFE0032120,WEST VIRGINIA UNIVERSITY RESEARCH CORPORATION,199997.0,,"DE-FE0032120
WEST VIRGINIA UNIVERSITY RESEARCH CORPORATION - NEW AWARD
ADVANCED PROCESSING OF RARE EARTH ELEMENTS AND CRITICAL MINERALS FROM ACID MINE DRAINAGE FEEDSTOCKS",False,,rare_earth;coal_byproduct;critical_minerals,environmental
DEFE0032119,"UNIVERSITY OF KENTUCKY RESEARCH FOUNDATION, THE",194876.68,,DE-FE0032119; NEW AWARD - TITLE ''MULTI-SOURCED COLLABORATION FOR THE PRODUCTION AND REFINING OF RARE EARTH AND CRITICAL METALS'',False,,rare_earth;critical_minerals,
DEFE0032056,UNIVERSITY OF KANSAS CENTER FOR RESEARCH INC,2085000.0,,"AWARD NUMBER: DE-FE0032056
RECIPIENT: UNIVERSITY OF KANSAS CENTER FOR RESEARCH, INC.
NEW AWARD TITLED, CRITICAL MINERALS IN COALY STRATA OF THE CHEROKEE-FOREST CITY BASIN",False,,critical_minerals,
DEFE0032054,WEST VIRGINIA UNIVERSITY RESEARCH CORPORATION,2085000.0,,"DE-FE0032054 TITLED MID-APPALACHIAN CARBON ORE, RARE EARTH AND CRITICAL MINERALS INITIATIVE.

NEW AWARD TO THE WEST VIRGINIA UNIVERSITY RESEARCH CORPORATION",False,,rare_earth;critical_minerals,
DEFE0032053,UNIVERSITY OF TEXAS AT AUSTIN,1997376.0,,"DE-FE0032053, ASSESSMENT OF RARE EARTH ELEMENTS AND CRITICAL MATERIAL IN CRITICAL MINERALS IN COAL AND COAL ASH IN THE UNITED STATES GULF COAST",False,,rare_earth;coal_byproduct;critical_minerals,
DEFE0032051,NEW MEXICO INSTITUTE OF MINING AND TECHNOLOGY,2056480.0,,"AWARD NUMBER: DE-FE0032051
RECIPIENT: NEW MEXICO INSTITUTE OF MINING AND TECHNOLOGY
NEW AWARD TITLED, CARBON ORE, RARE EARTH, AND CRITICAL MINERALS (CORE-CM) ASSESSMENT OF SAN JUAN RIVER-RATON 
COAL B",False,,rare_earth;critical_minerals,
DEFE0032049,UNIVERSITY OF ILLINOIS,1966986.66,,"DE-FE0032049 TITLED ILLINOIS BASIN CARBON ORE, RARE EARTH, AND CRITICAL MINERALS INITIATIVE.

NEW AWARD TO THE BOARD OF TRUSTEES OF THE UNIVERSITY OF ILLINOIS.",False,,rare_earth;critical_minerals,
DEFE0032048,UNIVERSITY OF WYOMING,2084025.2,,"NEW AWARD TO THE UNIVERSITY OF WYOMING, AWARD NUMBER: DE-FE0032048, PROJECT ENTITLED: POWDER RIVER BASIN CORE-CM: ADVANCING STRATEGIES FOR CARBON ORE, RARE
EARTH ELEMENT, AND CRITICAL MINERAL RESOURCE",False,,rare_earth;critical_minerals;general_mineral,
DEFE0031835,UNIVERSITY OF NORTH DAKOTA,5232255.14,,"UNIVERSITY OF NORTH DAKOTA
DE-FE0031835 PROJECT TITLED RARE EARTH ELEMENT EXTRACTION AND CONCENTRATION AT PILOT-SCALE FROM NORTH DAKOTA COAL-RELATED FEEDSTOCKS",False,,rare_earth,extraction
DEFE0031834,WEST VIRGINIA UNIVERSITY RESEARCH CORPORATION,4998311.96,,DE-FE0031834 WITH WEST VIRGINIA UNIVERSITY RESEARCH CORPORATION TITLED ''DEVELOPMENT AND TESTING OF AN INTEGRATED ACID MINE DRAINAGE (AMD) TREATMENT AND RARE EARTH/CRITICAL MINERAL PLANT''.,False,,rare_earth;coal_byproduct;critical_minerals,environmental
DEFE0031827,"UNIVERSITY OF KENTUCKY RESEARCH FOUNDATION, THE",4925617.34,,"DE-FE0031827
UNIVERSITY OF KENTUCKY
''DEMONSTRATION OF SCALED-PRODUCTION OF RARE EARTH OXIDES AND CRITICAL MATERIALS FROM U.S. COAL-BASED SOURCES''",False,,rare_earth;uranium;critical_minerals,process_development
DEFE0031566,"OHIO STATE UNIVERSITY, THE",397369.0,,DE-FE0031566 ''CONCENTRATING RARE EARTH ELEMENTS IN ACID MINE DRAINAGE USING COAL COMBUSTION PRODUCTS THROUGH ABANDONED MINE LAND RECLAMATION'',False,,rare_earth;coal_byproduct,environmental
DEFE0031565,WAYNE STATE UNIVERSITY,410922.0,,DE-FE0031565 ''COUPLED HYDROTHERMAL EXTRACTION AND LIGAND-ASSOCIATED SWELLABLE GLASS MEDIA RECOVERY OF RARE EARTH ELEMENTS FROM COAL FLY ASH'',False,,rare_earth;coal_byproduct,extraction;geochemistry
DEFE0031529,BATTELLE MEMORIAL INSTITUTE,674940.0,,DE-FE0031529: RECOVERY OF HIGH PURITY RARE EARTH ELEMENTS FROM COAL ASH VIA A NOVEL ELECTROWINNING PROCESS,False,,rare_earth;coal_byproduct,extraction;separation_purification
DEFE0031526,UNIVERSITY OF UTAH,398835.28,,"DE-FE0031526, ECONOMIC EXTRACTION, RECOVERY, AND UPGRADING OF RARE EARTH ELEMENTS FROM COAL-BASED RESOURCES",False,,rare_earth,extraction
DEFE0031525,"UNIVERSITY OF KENTUCKY RESEARCH FOUNDATION, THE",322160.95,,"DE-FE0031525, LOW TEMPERATURE PLASMA TREATMENT FOR ENHANCED RECOVERY OF HIGHLY VALUED CRITICAL RARE EARTH ELEMENTS FROM COAL",False,,rare_earth,extraction
DEFE0031524,WEST VIRGINIA UNIVERSITY RESEARCH CORPORATION,644060.0,,"DE-FE0031524 - ISSUE NEW AWARD TO WEST VIRGINIA UNIVERSITY 
RESEARCH CORPORATION PROJECT ENTITLED ''AT-SOURCE
RECOVERY OF RARE EARTH ELEMENTS FROM COAL MINE 
DRAINAGE''.",False,,rare_earth,extraction
DEFE0031523,VIRGINIA POLYTECHNIC INSTITUTE & STATE UNIVERSITY,400000.0,,"DE-FE0031523 - ISSUE NEW AWARD TO VIRGINIA 
POLYTECHNIC INSTITUTE AND STATE UNIVERSITY 
ENTITLED ''DEVELOPMENT OF A COST-EFFECTIVE
EXTRACTION PROCESS FOR THE RECOVERY OF HEAVY 
AND CRITICAL RARE EARTH",False,,rare_earth,extraction
DEFE0031490,UNIVERSITY OF NORTH DAKOTA,324681.46,,"DE-FE0031490 NEW AWARD TO THE UNIVERSITY OF NORTH DAKOTA
PROJECT TITLED: ''ECONOMIC EXTRACTION AND RECOVERY OF RARE EARTH ELEMENTS AND PRODUCTION OF CLEAN VALUE-ADDED PRODUCTIONS FROM LOW-RANK COAL FL",False,,rare_earth,extraction
DEFE0031483,RESEARCH TRIANGLE INSTITUTE,400000.0,,"DE-FE0031483 NEW AWARD TO THE RESEARCH TRIANGLE INSTITUTE, PROJECT TITLED: ''LOW-COST RARE-EARTH-ELEMENT (REE) RECOVERY FROM ACID MINE DRAINAGE SLUDGE''",False,,rare_earth;coal_byproduct,extraction;environmental
DEFE0030146,INVENTURE RENEWABLES INC.,815224.91,,"DE-FE0030146, RECOVERY OF RARE EARTH ELEMENTS FORM COAL MINING WASTE MATERIALS, BASE AWARD",False,,rare_earth;coal_byproduct,extraction
DEFE0029956,"MARSHALL MILLER & ASSOCIATES, INC.",964681.5,,DE-FE0029956: PRODUCTION OF SALABLE RARE EARTHS PRODUCTS FROM COAL AND COAL BYPRODUCTS IN THE U.S. USING ADVANCED SEPARATION PROCESSES: NEW AWARD,False,,rare_earth;uranium;coal_byproduct,separation_purification
DEFE0029900,VIRGINIA POLYTECHNIC INSTITUTE & STATE UNIVERSITY,1965271.54,,"DE-FE0029900, FUNDAMENTAL STUDIES ON THE RECOVERY OF RARE EARTH ELEMENTS FROM COAL AND COAL BYPRODUCTS",False,,rare_earth;coal_byproduct,extraction;fundamental_science
DEFE0027167,PHYSICAL SCIENCES INC.,7990028.0,,HIGH YIELD AND ECONOMICAL PRODUCTION OF RARE EARTH ELEMENTS FROM COAL ASH,False,,rare_earth;coal_byproduct,
DEFE0027155,TUSAAR CORP,984424.0,,ECONOMICAL & ENVIRONMENTALLY BENIGN EXTRACTION OF RARE EARTH ELEMENTS (REES) FROM COAL & COAL BYPRODUCTS,False,,rare_earth;coal_byproduct,extraction
DEFE0027102,SOUTHERN RESEARCH INSTITUTE,833296.19,,PLASMA ARC GASIFICATION BASED RARE EARTH ELEMENT RECOVERY FROM COAL FLY ASH,False,,rare_earth;coal_byproduct,extraction
DEFE0027069,UNIVERSITY OF WYOMING,599268.18,,A POLLUTION PREVENTION AND ECONOMICALLY VIABLE TECHNOLOGY FOR SEPARATION OF RARE EARTH ELEMENTS FROM POWDER RIVER BASIN COAL ASHES,False,,rare_earth;coal_byproduct,separation_purification;environmental
DEFE0027012,BATTELLE MEMORIAL INSTITUTE,710000.0,,RECOVERY OF RARE EARTH ELEMENTS (REES) FROM COAL ASH WITH A CLOSED LOOP LEACHING PROCESS,False,,rare_earth;coal_byproduct,extraction
DEFE0027006,UNIVERSITY OF NORTH DAKOTA,3281655.46,,INVESTIGATION OF RARE EARTH ELEMENT EXTRACTION FROM NORTH DAKOTA COAL-RELATED FEEDSTOCKS,False,,rare_earth,extraction
DEFE0026952,DUKE UNIVERSITY,720100.0,,NOVEL MEMBRANE AND ELECTRODEPOSITION-BASED SEPARATION AND RECOVERY OF RARE EARTH ELEMENTS FROM COAL COMBUSTION RESIDUES,False,,rare_earth;coal_byproduct,extraction;separation_purification
DEFE0026927,WEST VIRGINIA UNIVERSITY RESEARCH CORPORATION,3393186.47,,RECOVERY OF RARE EARTH ELEMENTS FROM COAL MINE DRAINAGE,False,,rare_earth;coal_byproduct,extraction
DEEE0011722,NIRON MAGNETICS INC,2349810.0,,"THE CRITICAL MATERIALS ACCELERATOR AIMS TO VALIDATE AND PROTOTYPE TECHNOLOGIES AND PROCESSES THAT ADDRESS CRITICAL MATERIALS CHALLENGES BY DEVELOPING ALTERNATIVES, DIVERSIFYING AND EXPANDING SUPPLY, I",False,,critical_minerals,
DEEE0009442,MINERAL SELECTIVE TECHNOLOGIES CORP.,350000.0,,INFORMED DESIGN OF CRYSTALLINE ION EXCHANGERS: IMPROVED ¿-MNO2 PHASE FOR LITHIUM EXTRACTION FROM GEOLOGIC FLUIDS,False,,lithium,extraction;separation_purification
DEEE0009441,TECHNOLOGY HOLDING LLC,499673.0,,NOVEL METHOD FOR RARE EARTHS RECOVERY,False,,rare_earth,extraction
DEEE0009437,RECTOR & VISITORS OF THE UNIVERSITY OF VIRGINIA,410000.0,,DEVELOPMENT OF INDUSTRIAL SCALE RARE EARTH MASTER ALLOYS FROM THEIR NATIVE OXIDES FOR MAGNET PRODUCTION,False,,rare_earth,process_development
DEEE0009435,"PHINIX, LLC",500000.0,,RARE EARTH ELEMENT SEPARATION USING GAS-ASSISTED MICRO-FLOW EXTRACTION WITH TASK-SPECIFIC IONIC LIQUIDS,False,,rare_earth,extraction;separation_purification
DEEE0009434,CASE WESTERN RESERVE UNIVERSITY,378650.84,,"NOVEL ELECTROWINNING REACTOR FOR THE ENERGY-EFFICIENT, LOW-COST PRODUCTION OF RARE EARTH METALS",False,,rare_earth,separation_purification
DEEE0009432,UNIVERSITY OF WYOMING,350000.0,,GENERATION OF RARE EARTH METALS FROM RARE EARTH OXIDES USING MICROWAVE PLASMAS,False,,rare_earth,
DEEE0009428,GENERAL ATOMICS,24188699.0,,RARE EARTH ELEMENT (REE) SEPARATION AND PROCESSING DEMONSTRATION PROJECT,False,,rare_earth,separation_purification;process_development
DEEE0009191,AMERICAN AXLE & MANUFACTURING INC,5000000.0,,"DE-EE0009191 TITLED LOW COST, HIGH-PERFORMANCE, HEAVY RARE EARTH (HRE) FREE 3-IN-1 ELECTRIC DRIVE UNIT
AMERICAN AXLE & MANUFACTURING HOLDINGS, INC.

NEW AWARD",False,,rare_earth,
DEEE0008871,UNIVERSITY OF NORTH CAROLINA AT CHARLOTTE,599096.23,,DE-EE0008871 / BASE ''COST EFFECTIVE RARE EARTH FREE FLUX DOUBLING TORQUE DOUBLING 8X POWER DENSITY TRACTION MOTOR WITH NEAR ZERO OPEN CIRCUIT BACK ELECTROMOTIVE FORCE AND NO COGGING TORQUE'' UNIVERSI,False,,rare_earth,
DEEE0008306,"FENIX MAGNETICS, INC.",798624.0,,ADVANCED MANUFACTURING OF ALPHA DOUBLE PRIME IRON NITRIDE (ADPIN): AN INNOVATIVE RARE EARTH ELEMENT (REE) FREE ULTRA-HIGH PERFORMANCE PERMANENT MAGNET FOR CLEAN ENERGY APPLICATIONS,False,,rare_earth,
DEEE0007603,UNIVERSITY OF WYOMING,515125.99,,ASSESSING RARE EARTH ELEMENT CONCENTRATIONS IN GEOTHERMAL AND OIL AND GAS PRODUCED WATERS,False,,rare_earth,
DECD0000105,WIELAND NORTH AMERICA RECYCLING LLC,270000000.0,,"THIS PROJECT, “FACILITY TO REDUCE EMISSIONS FOR SOURCING PURE CRITICAL MINERALS AND METALS,” 
INTENDS TO EXPAND THE CAPACITY AND CAPABILITIES OF A MODERN, FIRST-OF-A-KIND (FOAK) COPPER RECYCLING 
FACI",False,,copper;critical_minerals,recycling
DEAR0001964,ADVANCED ENVIRONMENTAL TECHNOLOGIES LLC,600000.0,,"NEW SBIR/STTR AWARD: ADVANCED ENVIRONMENTAL TECHNOLOGIES, LLC 
CONTROL# 2785-1635 

PROJECT TITLE: DEVELOPMENT OF AN ALFALFA/BIODIGESTED LIGNITE/FUNGAL BIOLEACHING-BASED SYSTEM TO ENHANCE PHYTOMINING ",True,bioremediation;bioleaching,critical_minerals,extraction;environmental
DEAR0001963,"VERINOMICS, INC",1722000.0,,"PHYTOMINING IS THE USE OF PLANTS TO EXTRACT MINERALS FROM THE SOIL. NICKEL PHYTOMINING HAS ENORMOUS POTENTIAL TO BRING BOTH ECONOMIC BENEFITS AND GREATER MINERAL SECURITY TO THE UNITED STATES, WHICH I",True,bioremediation,nickel,extraction
DEAR0001903,"BLUE ORIGIN WASHINGTON, LLC",0.0,,"CONTROL# 3117-1529
BLUE ORIGIN, LLC
DE-FOA-0003117 REVOLUTIONIZING ORE TO STEEL TO IMPACT EMISSIONS (ROSIE)
OUROBOROS: A NOVEL REACTOR FOR ZERO EMISSION ELECTROLYTIC REDUCTION OF IRON

OUROBOROS IS A ",False,,general_mineral,
DEAR0001902,ELECTRASTEEL INC,2872216.0,,"NEW AWARD WITH ELECTRASTEEL, INC
DE-FOA-0003117 - REVOLUTIONIZING ORE TO STEEL TO IMPACT EMISSIONS (ROSIE) CONTROL #3117-1527
PROJECT TITLED, ''LOW-TEMPERATURE GREEN IRONMAKING FROM UNCONVENTIONAL FEE",False,,general_mineral,
DEAR0001869,NEW MEXICO INSTITUTE OF MINING AND TECHNOLOGY,869933.0,,"NEW AWARD TO NEW MEXICO INSTITUTE OF MINING AND TECHNOLOGY 
CONTROL #:2784-1778 DE-FOA-0002784. DE-FOA-0002784: EXPLORATORY TOPIC H: SUBSURFACE ENGINEERING FOR HYDROGEN RESERVOIR MANAGEMENT (ENGINEERI",False,,,exploration
DEAR0001863,NEW MEXICO INSTITUTE OF MINING AND TECHNOLOGY,345000.0,,"CONTROL #: 2784-1745 NEW AWARD TO NEW MEXICO (LEAD-LOS ALAMOS NATIONAL LABORATORY)
FUNDING OPPORTUNITY ANNOUNCEMENT DE-FOA-0002784: EXPLORATORY TOPIC G: PRODUCTION OF GEOLOGIC HYDROGEN THROUGH STIMULA",False,,,exploration
DEAR0001844,"UMARO FOODS, INC",1960200.0,,"THIS COOPERATIVE AGREEMENT IS AWARDED TO UMARO FOODS INC. FOR A PROJECT ENTITLED ''MARINE BIO-ORE MINING 
OF RARE EARTH ELEMENTS”.
THIS AWARD IS BEING MADE IN ACCORDANCE WITH DE-FOA-0002784: EXPLORATO",False,,rare_earth,exploration
DEAR0001843,UNIVERSITY OF ALASKA FAIRBANKS,1572942.0,,"NEW COMPETITIVE COOPERATIVE AGREEMENT UNIVERSITY OF ALASKA FAIRBANKS.
CONTROL# 2784-1714
FUNDING OPPORTUNITY ANNOUNCEMENT DE-FOA-0002784: EXPLORATORY TOPICS, TOPIC E: ALGAL MINING
PROJECT TITLE: ASSES",False,,critical_minerals,exploration
DEAR0001777,"UNIVERSITY OF CALIFORNIA, DAVIS",2850265.0,,"UC DAVIS. NEW, NON-COMPETITIVE AWARD. FOR A PROJECT TITLED, ''ELECTROCHEMICAL LITHIUM AND NICKEL 
EXTRACTION WITH CONCURRENT CARBON DIOXIDE MINERALIZATION.'' 
UNIVERSITY OF CALIFORNIA DAVIS WILL DEVEL",False,,lithium;nickel,extraction
DEAR0001721,CORNELL UNIVERSITY,915000.0,,"NEW COMPETITIVE AGREEMENT WITH CORNELL UNIVERSITY UNDER FOA DE-FOA-0002707 (MINER) AND CONTROL NUMBER 2707-1502
PROJECT TITLE: ''SUPERCRITICAL CO2 BASED MINING FOR CARBON-NEGATIVE CRITICAL MINERAL REC",False,,critical_minerals,
DEAR0001716,PHOENIX TAILINGS INC,1275000.0,,"PHOENIX TAILINGS, INC.: NEW MINER SBIR/STTR AWARD. 
CONTROL NUMBER: 2708-1515
PROJECT TITLE: CO2 GONE - CO2 GASIFICATION OF ORE FOR NICKEL EXTRACTION 

PHOENIX TAILINGS, INC. PROPOSES TO USE A CARBON-",False,,nickel,extraction;environmental
DEAR0001715,TRAVERTINE TECHNOLOGIES INC,1993226.0,,"TRAVERTINE TECHNOLOGIES, INC., 2708-1505 NEW AWARD DE-FOA-0002708 (SBIR/STTR)
PROJECT TITLE: EX SITU TAILINGS LEACHING AND LATERITIZATION WITH ELECTROLYTIC ACID RECYCLING FOR CRITICAL CONCENTRATION AN",False,,critical_minerals,extraction;recycling;environmental
DEAR0001711,THE JOHNS HOPKINS UNIVERSITY,1760000.0,,"NEW COMPETITIVE AGREEMENT, JOHNS HOPKINS UNIVERSITY, 2707-1550 NEW AWARD DE-FOA-0002707(MINER)
PROJECT TITLE: CARBON-NEGATIVE MINING FROM GANGUE MINERALS ENABLED BY ENERGY-EFFICIENT ELECTROSYNTHESIS O",False,,critical_minerals,
DEAR0001708,UNIVERSITY OF TEXAS AT AUSTIN,4997015.0,,"THE UNIVERSITY OF TEXAS AT AUSTIN: NEW MINER AWARD
CONTROL NO.: 2707-1532 
PROJECT TITLE: CARBON NEGATIVE REACTION-DRIVEN CRACKING FOR ENHANCED MINERAL RECOVERY: IN-SITU TEST AT A NI-CO-PGE DEPOSIT

T",False,,general_mineral,extraction
DEAR0001706,THE TRUSTEES OF COLUMBIA UNIVERSITY IN THE CITY OF NEW YORK,2949395.0,,"COLUMBIA UNIVERSITY: NEW MINER AWARD.
CONTROL NUMBER: 2707-1523 
PROJECT TITLE: HYDROMETALLURGICAL PRODUCTION OF DOMESTIC METALS FOR ENERGY TRANSITION

COLUMBIA UNIVERSITY PROPOSES TO DEVELOP AN ECONO",False,,general_mineral,extraction
DEAR0001704,BOARD OF REGENTS OF NEVADA SYSTEM OF HIGHER EDUCATION,1000424.0,,"NEVADA SYSTEM OF HIGHER EDUCATION
CONTROL #:2707-1516 
NEW AWARD DE-FOA-0002707(MINER)
PROJECT TITLE: ''ACCELERATED REACTIVE CARBONATION PROCESS (ARCP) FOR ENERGY EFFICIENT SEPARATION OF RARE EARTH MI",False,,rare_earth,separation_purification
DEAR0001703,ARIZONA STATE UNIVERSITY,385000.0,,"PACIFIC NORTHWEST NATIONAL LABORATORY,2707-1515   DE-FOA-0002707 (MINER)
PROJECT TITLE: RE-MINING RED MUD WASTE FOR CO2 CAPTURE AND STORAGE AND CRITICAL ELEMENT RECOVERY (RMCCS-CER)
THE OBJECTIVE OF T",False,,critical_minerals,extraction
DEAR0001702,MICHIGAN TECHNOLOGICAL UNIVERSITY,2467817.0,,"MICHIGAN TECHNOLOGICAL UNIVERSITY, NEW COMPETITIVE AGREEMENT, UNDER FOA NUMBER DE-FOA-0002707 (MINER) WITH CONTROL NUMBER 2707-1510 WITH PROJECT TITLE 'ENERGY REDUCTION AND IMPROVED CRITICAL MINERAL R",False,,critical_minerals,
DEAR0001701,UNIVERSITY OF TEXAS AT ARLINGTON,152720.96,,"UNIVERSITY OF TEXAS AT ARLINGTON
A NEW COMPETITIVE COOPERATIVE AGREEMENT
FOR A PROJECT ENTITLED, ''ELECTROCHEMICAL LITHIUM AND NICKEL EXTRACTION WITH CONCURRENT CARBON DIOXIDE MINERALIZATION''
IN THIS",False,,lithium;nickel,extraction
DEAR0001681,NIRON MAGNETICS INC,19999372.0,,"PILOT PRODUCTION FOR COMMERCIAL SAMPLING OF RARE-EARTH-FREE IRON NITRIDE PERMANENT MAGNETS.  COMMERCIALIZE RARE EARTH-FREE IRON NITRIDE PERMANENT MAGNETS, WHICH, BECAUSE INHERENTLY HIGH SATURATION MAG",False,,rare_earth,process_development
DEAR0001667,ARTIMUS ROBOTICS INC,500000.0,,"ARTIMUS ROBOTICS INC. NEW AWARD 
PROJECT TITLE: LOW-COST ELECTRONICS FOR PRESSURE-AGNOSTIC ACTUATORS DRIVING BIO-INSPIRED VEHICLES FOR DEEP SEA MINING (1954-1946)
THE PURPOSE OF THIS AWARD IS TO PROVI",False,,critical_minerals,
DEAR0001500,PHOENIX TAILINGS INC,499854.99,,"PHOENIX TAILINGS, INC. - NEW AWARD
TINA TOPIC T (SEED), CONTROL NUMBER 1954-1804 
PROJECT TITLE: NOVEL TECHNIQUE FOR DOMESTIC RARE EARTH OXIDE SEPARATION AND RARE EARTH METAL REDUCTION",False,,rare_earth,separation_purification;environmental
DEAR0001396,THE TRUSTEES OF COLUMBIA UNIVERSITY IN THE CITY OF NEW YORK,399723.5,,"NEW TINA MIDAS AWARD TO COLUMBIA UNIVERSITY
CONTROL NUMBER: 1953-1847
PROJECT TITLE: INTEGRATED CO2-FACILITATED HYDROMETALLURGICAL AND ELECTROCHEMICAL TECHNOLOGY FOR SUSTAINABLE MINING AND RECOVERY OF",False,,general_mineral,extraction;environmental
DEAR0001395,MASSACHUSETTS INSTITUTE OF TECHNOLOGY,2700000.0,,"MASSACHUSETTS INSTITUTE OF TECHNOLOGY: NEW AWARD
CONTROL NO: 1953-181
FOA: TINA-MIDAS FOA (DE-AR0001953)
PROJECT TITLE: ELECTROCHEMICAL MINING OF MSWI ASH

THE PROPOSED PROJECT WILL DEVELOP AN ELECTRO",False,,critical_minerals,recycling
DEAR0001341,CORNELL UNIVERSITY,1000000.0,,"----------

CORNELL UNIVERSITY: NEW CONDITIONAL TINA TOPIC J BIOMINING AWARD.
CONTROL NUMBER: 1953-1701
TITLE: ''ENGINEERED MICROORGANISMS FOR ENHANCED RARE EARTH ELEMENT BIO-MINING AND SEPARATIONS''
",True,biomining_general,rare_earth,separation_purification
DEAR0001340,THE TRUSTEES OF COLUMBIA UNIVERSITY IN THE CITY OF NEW YORK,1749721.0,,"COLUMBIA UNIVERSITY: NEW CONDITIONAL TINA TOPIC J (BIOMINING) AWARD. 
CONTROL: 1953-1698
PROJECT TITLE: DEVELOPMENT OF BIOLOGICAL AND ELECTROCHEMICAL TECHNOLOGIES FOR THE CLEAN EXTRACTION OF COPPER AN",True,biomining_general,copper,extraction
DEAR0001339,TRUSTEES OF TUFTS COLLEGE,600000.0,,"----------

TUFTS UNIVERSITY:  NEW CONDITIONAL TINA TOPIC J BIOMINING AWARD.
CONTROL NUMBER: 1953-1690
TITLE: “LIVING FILTER DESIGN FOR HIGH-THROUGHPUT, LOW-COST RECOVERY OF CRITICAL MATERIALS”

-----",True,biomining_general,critical_minerals,extraction
DEAR0001338,COLORADO STATE UNIVERSITY,170000.0,,"----------

COLORADO STATE UNIVERSITY WITH PACIFIC NORTHWEST NATIONAL LABORATORY:  NEW CONDITIONAL TINA TOPIC J BIOMINING AWARD.

CONTROL NUMBER: 1953-1686
TITLE: “UNREALIZED CRITICAL LANTHANIDE EXTRA",True,biomining_general,rare_earth,
DEAR0001337,"REGENTS OF THE UNIVERSITY OF CALIFORNIA, THE",800000.0,,"UNIVERSITY OF CALIFORNIA BERKELEY: NEW CONDITIONAL TINA TOPIC J BIOMINING AWARD.
CONTROL NUMBER: 1953-1681
PROJECT TITLE: ''EFFICIENT RECOVERY OF RARE EARTH USING METHYLOBACTERIUM EXTORQUENS.''",True,biomining_general,rare_earth,extraction
DEAR0001336,MICHIGAN TECHNOLOGICAL UNIVERSITY,293079.0,,"MICHIGAN TECHNOLOGICAL UNIVERSITY: NEW CONDITIONAL TINA TOPIC J BIOMINING AWARD.
CONTROL NUMBER: 1953-1676			
TITLE: ''IN-SITU BIOLEACHING OF MANGANESE BY DISSIMILATORY REDUCTION''",True,bioleaching;biomining_general,manganese,extraction
DEAR0000963,PRESIDENT AND FELLOWS OF HARVARD COLLEGE,499727.0,,"HARVARD UNIVERSITY: NEW IDEAS AWARD.

CONTROL NUMBER: 1528-2392
TITLE: ''MINING THE DEEP SEA FOR MICROBIAL ETHANO- AND PROPANOGENESIS''",False,,,
DEAR0000645,ADVANCED MATERIALS CORP,407220.95,,RARE EARTH - LEAN MAGNETS FROM IRON NITRIDE POWDERS,False,,rare_earth,
DEAR0000553,THE TRUSTEES OF COLUMBIA UNIVERSITY IN THE CITY OF NEW YORK,475221.27,,CO-GENERATION OF FUELS DURING COPPER BIOLEACHING,True,bioleaching,copper,extraction
W912HZ2420062,UNIVERSITY OF TEXAS AT AUSTIN,275000.0,,DEVELOPING BIOTECHNOLOGIES FOR DETECTION AND RECOVERY OF RARE EARTH ELEMENTS,False,,rare_earth,extraction
W912HZ2220037,UNIVERSITY OF TEXAS AT AUSTIN,362000.0,,DEVELOPING BIOTECHNOLOGIES FOR DETECTION AND RECOVERY OF RARE EARTH ELEMENTS,False,,rare_earth,extraction
W912HZ2120050,WILLIAM MARSH RICE UNIVERSITY,5240000.0,,FLASH JOULE HEATING TO DESTROY HAZARDOUS WASTE AND REPURPOSE IT FOR ENERGY OR URBAN MINING OF VALUABLE METALS,False,,critical_minerals;battery_materials,recycling
W912HZ2120048,WAYNE STATE UNIVERSITY,3130353.0,,RARE EARTHS FROM U.S. EXTRACTIONS (REUSE),False,,rare_earth;uranium,extraction
W911NF2520075,REGENTS OF THE UNIVERSITY OF MINNESOTA,160000.0,,INITIAL FUNDING FOR COOPERATIVE AGREEMENT PROPOSAL OF PROCESSING RARE EARTH ELEMENT CHLORIDES WITH NONTHERMAL PLASMA,False,,rare_earth,
W911NF2220211,THE TRUSTEES OF COLUMBIA UNIVERSITY IN THE CITY OF NEW YORK,556804.0,,NEW COOPERATIVE AGREEMENT TITLED: DESIGN AND ENGINEERING OF METAL- AND SULFUR-OXIDIZING BIOLEACHING MICROBIOMES,True,bioleaching,critical_minerals,extraction
W911NF2220022,RECTOR & VISITORS OF THE UNIVERSITY OF VIRGINIA,409563.0,,EFFICACY OF RARE EARTH MINERAL SUBSTANCES AS HIGH ENTROPY ENVIRONMENTAL BARRIER COATINGS,False,,rare_earth,environmental
W911NF2210265,FLORIDA A & M UNIVERSITY,389998.0,,"NEW GRANT ""NOVEL APPROACHES IN THE SEPARATION OF FLORIDAS RARE EARTH ELEMENT RESOURCES""",False,,rare_earth,separation_purification
W911NF2120181,BRIMROSE TECHNOLOGY CORP,376524.0,,EXPLORATION OF NOVEL RARE-EARTH (RE) AND TRANSITION METAL TM-DOPED LOW MAX- PHONON-ENERGY CRYSTALLINE AND VIRTREOUS MATERIALS FOR DIRECTLY DIODE-PUMPED MID-IR LASERS,False,,rare_earth,exploration
W911NF1920030,UNIVERSIDAD DEL VALLE,42020.0,,DEVELOPMENT OF RARE EARTH FREE PERMANENT MAGNETS WITH DIFFERENT COMPOSITIONS,False,,rare_earth,
W911NF1810188,ACADEMIA SINICA,49795.0,,A SUPERB BIOMINING SYSTEM FOR HEAVY METAL RECOVERY,True,biomining_general,,extraction
N629092212051,UNIVERSITY OF NEW SOUTH WALES,374107.0,,NEW WHEELS FROM THE OLDEST WHEEL: MINING PROPULSIVE INSIGHT FROM THE OPTIMISED EVOLUTION OF MICROBIAL SWIMMING.,False,,,
N000142512210,RECTOR & VISITORS OF THE UNIVERSITY OF VIRGINIA,93000.0,,"SYNTHESIS AND CHARACTERIZATION OF MIXED RARE EARTH ZIRCONIA, ZIRCONATE AND SILICATE RADIATIVE BARRIER COATINGS",False,,rare_earth,characterization;materials_science
N000142312722,UNIVERSITY OF TEXAS AT AUSTIN,292265.2,,"MINERVA RESEARCH INITIATIVE DECUR PARTNERSHIP - CRITICAL MINERALS, BATTERY TECHNOLOGY, & REDUCING DEPENDENCE ON HOSTILE SUPPLIERS IN THE CLEAN ENERGY SUPPLY CHAIN",False,,critical_minerals,
N000142112460,RECTOR & VISITORS OF THE UNIVERSITY OF VIRGINIA,560000.0,,"SYNTHESIS AND CHARACTERIZATION OF MIXED RARE EARTH ZIRCONIA, ZIRCONATE AND SILICATE RADIATIVE BARRIER COATINGS",False,,rare_earth,characterization;materials_science
N000142112433,TRUSTEES OF BOSTON UNIVERSITY,497000.0,,BIOSENSORS FOR PHYSIOLOGICAL MONITORING FROM BACTERIAL MINING,False,,,
N000142112362,WILLIAM MARSH RICE UNIVERSITY,400305.54,,BIOLOGICAL EXTRACTION OF RARE EARTH ELEMENTS INSPIRED BY PROCESSES IN THE EARTH (BE RIPE),True,biological_recovery,rare_earth,extraction
N000142112361,UNIVERSITY OF DELAWARE,507467.0,,BIOLOGICAL EXTRACTION OF RARE EARTH ELEMENTS INSPIRED BY PROCESSES IN THE EARTH (BE RIPE),True,biological_recovery,rare_earth,extraction
N000142012724,"UNIVERSITY OF CALIFORNIA, SAN DIEGO",903899.0,,"DEVELOPMENT OF RARE EARTH DOPED POLYCRYSTALLINE ALUMINA (RE:AL2O3) FOR SHORT PULSED, HIGH POWERED LASERS (UCSD)",False,,rare_earth,
N000141812628,RECTOR & VISITORS OF THE UNIVERSITY OF VIRGINIA,320648.79,,HOT CORROSION OF RARE EARTH SILICATE ENVIRONMENTAL BARRIER COATINGS.,False,,rare_earth,environmental
FA95501910379,NEW MEXICO INSTITUTE OF MINING AND TECHNOLOGY,624110.0,,EXPERIMENTAL INVESTIGATION OF SHOCK AND DETONATION PROPAGATION THROUGH TWO-DIMENSIONAL ARRAYS OF METAL INCLUSIONS,False,,,
FA86502525517,RARE RESOURCE RECYCLING INC,5122607.0,,DEFENSE PRODUCTION ACT (DPA) TITLE III - RECOVERY AND RECYCLING OF END OF LIFE NEFEB MAGNETS THROUGH RARE EARTH EXTRACTION,False,,rare_earth,extraction;recycling
FA86502425516,RARE EARTH SALTS SEPARATIONS AND REFINING LLC,4219348.0,,"DEFENSE PRODUCTION ACT TITLE III, COMMERCIAL PRODUCTION OF HEAVY RARE EARTH ELEMENTS FROM RECYCLED LAMP PHOSPHORS",False,,rare_earth,recycling
FA86502325513,E-VAC MAGNETICS LLC,94072300.0,,MANUFACTURING FACILITY OF SINTERED RARE EARTH PERMANENT MAGNETS BASED ON NEODYMIUM-IRON-BORON (NDFEB) INCLUDING THE PRODUCTION OF THE REQUIRED RARE EA,False,,rare_earth,
FA86502227221,THE TRUSTEES OF PRINCETON UNIVERSITY,695840.0,,SYNTHESIS OF RARE EARTH ELEMENT NANOPARTICLES USING DE NOV DESIGNED PROTEINS,False,,rare_earth,materials_science
FA86502227219,UNIVERSITY OF NEW SOUTH WALES,1057095.0,,MORPHOLOGY CONTROLLED FABRICATION OF RARE EARTH MAGNETIC MATERIALS USING ENGINEERED BIOSYSTEMS,False,,rare_earth,
FA86502227218,THE RESEARCH FOUNDATION FOR THE STATE UNIVERSITY OF NEW YORK,1014505.0,,BIOENGINEERED MICROBIAL SYNTHESIS OF RARE-EARTH CONTAINING NANOPARTICLES,True,biosynthesis;microbial_processes,rare_earth,materials_science
FA86502125502,MP MINE OPERATIONS LLC,9608459.0,,DEFENSE PRODUCTION ACT (DPA) TITLE III RARE EARTH ELEMENTS SEPARATION AND PROCESSING,False,,rare_earth,separation_purification
FA86502125501,LYNAS USA LLC,0.0,,DEFENSE PRODUCTION ACT (DPA) TITLE III RARE EARTH ELEMENTS SEPARATION AND PROCESSING,False,,rare_earth,separation_purification
FA23862314103,DHULIKHEL HOSPITAL KATHMANDU UNIVERSITY HOSPITAL,89406.0,,"BASIC RESEARCH FOR AOARD PROPOSAL 23IOA103 ""ANALYZING POTENTIAL MINERALS OF REE IN NEPAL AND COMPUTATIONAL AND EXPERIMENTAL STUDY OF YAG:CE PHOSPHOR B",False,,rare_earth,fundamental_science;modeling_simulation
FA23862314080,"TRIBHUVAN UNIVERSITY, INSTITUTE OF ENGINEERING",52180.0,,SYNTHESIS OF RARE EARTH ELEMENT DOPED ZIF-67 DERIVED NCNT INTERCONNECTED CONDUCTIVE POROUS CARBON FROM BIOWASTE HEMP HURD POWDER.,False,,rare_earth,materials_science
FA23862014001,THE UNIVERSITY OF ADELAIDE,30541.0,,"BASIC RESEARCH FOR AOARD PROPOSAL 20IOA001 ""NANO/MICRO-PARTICLE AND RARE EARTH DOPED GLASSES FOR MID-INFRARED FIBER LASERS AND MICROLASERS""",False,,rare_earth,fundamental_science
2538354,AUSTIN COMMUNITY COLLEGE DISTRICT,49999.0,,"INNOVATION FOR CRITICAL MINERALS: U.S. SRI LANKA WORKSHOP ON GRAPHITE RESEARCH AND DEVELOPMENT -THIS PROJECT WILL SUPPORT A FIVE-DAY GRAPHITE-FOCUSED WORKSHOP IN SRI LANKA IN APRIL 2026, INCLUDING THR",False,,uranium;critical_minerals,
2531850,NEW MEXICO STATE UNIVERSITY,300000.0,,EPSCOR RESEARCH FELLOWS @ NASA: IMMOBILIZED IONIC LIQUIDS FOR THE SELECTIVE EXTRACTION OF RARE EARTH CRITICAL ELEMENTS FROM WASTE STREAMS -THIS RESEARCH INFRASTRUCTURE IMPROVEMENT EPSCOR RESEARCH FELL,False,,rare_earth;critical_minerals,extraction
2531151,TRUSTEES OF THE COLORADO SCHOOL OF MINES,200000.0,,"PLANNING: ARCTIC FUTURES: UNDERSEA MINING, ARTIFICIAL INTELLIGENCE, AND SECURITY ON A NEW MARITIME FRONTIER -AS THE POLAR SEAS MELT, A NEW MARITIME FRONTIER IS EMERGING FROM THE ICE. THE IMMINENT OPEN",False,,,modeling_simulation
2530753,TRUSTEES OF THE COLORADO SCHOOL OF MINES,441467.0,,"COLLABORATIVE RESEARCH: CAIG: MAPPING ORE DEPOSITS WITH ARTIFICIAL INTELLIGENCE (MODAI) -HYPERSPECTRAL REMOTE SENSING IS A DATA GATHERING TECHNIQUE THAT USES ADVANCED SENSORS - ATTACHED TO SATELLITES,",False,,,exploration;modeling_simulation
2530752,CARNEGIE MELLON UNIVERSITY,757763.0,,"COLLABORATIVE RESEARCH: CAIG: MAPPING ORE DEPOSITS WITH ARTIFICIAL INTELLIGENCE (MODAI) -HYPERSPECTRAL REMOTE SENSING IS A DATA GATHERING TECHNIQUE THAT USES ADVANCED SENSORS - ATTACHED TO SATELLITES,",False,,,exploration;modeling_simulation
2528521,OREGON HEALTH & SCIENCE UNIVERSITY,591893.0,,"CAREER: MINING BIOLOGICAL FUNCTIONS FROM SINGLE CELL MULTI-OMICS DATA -BIOLOGICAL FUNCTIONAL ACTIVITIES INCLUDE INTRACELLULAR FUNCTIONS SUCH AS TRANSCRIPTIONAL REGULATION, METABOLISM, AND SIGNALING TR",False,,,
2527909,REEGEN INC,1112040.0,,SBIR PHASE II: A BIOLOGICAL SOLUTION TO IMPROVING THE UNITED STATES RARE EARTH SUPPLY CHAIN -THE BROADER/COMMERCIAL IMPACT OF THIS SMALL BUSINESS INNOVATION RESEARCH (SBIR) PHASE II PROJECT RELATES TO,False,,rare_earth,
2526185,UNIVERSITY OF HOUSTON SYSTEM,1000000.0,,"EXPLORATIONS: EXPERIENTIAL LEARNING FOR BUILDING THE CRITICAL MINERALS WORKFORCE -THIS PROJECT ADDRESSES THE GROWING NATIONAL NEED FOR A SKILLED WORKFORCE IN THE CRITICAL MINERALS SECTOR, WHICH SUPPOR",False,,critical_minerals,exploration
2525903,UNIVERSITY OF TEXAS AT AUSTIN,315000.0,,"COLLABORATIVE RESEARCH: UNDERSTANDING THE IMPACT OF NETWORK MORPHOLOGY ON ION TRANSPORT IN HYDRATED POLYMERIC MEMBRANES -CRITICAL MINERALS ARE ESSENTIAL FOR PRODUCTS SUCH AS ELECTRONICS, MOTORS, AND B",False,,critical_minerals,
2525902,WILLIAM MARSH RICE UNIVERSITY,345625.0,,"COLLABORATIVE RESEARCH: UNDERSTANDING THE IMPACT OF NETWORK MORPHOLOGY ON ION TRANSPORT IN HYDRATED POLYMERIC MEMBRANES -CRITICAL MINERALS ARE ESSENTIAL FOR PRODUCTS SUCH AS ELECTRONICS, MOTORS, AND B",False,,critical_minerals,
2523536,REGENTS OF THE UNIVERSITY OF MICHIGAN,1388877.0,,DISES INVESTIGATING MERCURY BIOGEOCHEMICAL CYCLING VIA MIXED-METHODS IN COMPLEX ARTISANAL GOLD MINING LANDSCAPES AND IMPLICATIONS FOR COMMUNITY HEALTH -HUMAN ACTIVITIES LEAD TO INCREASED CONTAMINATION,False,,gold,environmental
2521203,UNIVERSITY OF MISSOURI SYSTEM,49938.0,,"CONFERENCE: RESILIENT SUPPLY OF CRITICAL MINERALS, 2025, ROLLA, MO -2521203 (AWUAH-OFFEI). THE US HAS A CRITICAL MINERALS AND MATERIALS PROBLEM. THE DECAY OF AMERICAN MINING, PROCESSING, AND REFINING ",False,,critical_minerals,
2521072,UNIVERSITY OF MIAMI,50000.0,,"I-CORPS: TRANSLATION POTENTIAL OF SUSTAINABLE LITHIUM EXTRACTION FROM DOMESTIC SOURCES -THIS I-CORPS PROJECT FOCUSES ON A NOVEL METHOD TO EXTRACT LITHIUM FROM LOW-GRADE LIQUID SOURCES, INCLUDING GEOTH",False,,lithium,extraction;environmental
2519829,"TRUSTEES OF THE UNIVERSITY OF PENNSYLVANIA, THE",50000.0,,I-CORPS: TRANSLATION POTENTIAL OF BIPOLAR MEMBRANE APPLICATIONS IN EXTRACTIVE METALLURGY -THIS I-CORPS PROJECT IS BASED ON THE DEVELOPMENT OF A SYSTEM THAT CONVERTS SALTY WATER INTO CONCENTRATED ACID ,False,,general_mineral,extraction
2513233,UNIVERSITY OF SOUTH FLORIDA,464985.0,,DISCOVERING SYNTHETIC MOLECULAR RECEPTORS FOR SUSTAINABLE SEPARATION OF LITHIUM -LITHIUM IS A CRITICAL COMPONENT OF BATTERIES THAT POWER EVERYTHING FROM SMARTPHONES TO ELECTRIC VEHICLES. CURRENT METHO,False,,lithium,separation_purification;environmental;fundamental_science
2508383,"ELECTROFLOW TECHNOLOGIES, INC.",305000.0,,SBIR PHASE I: ASSESSING AND IMPROVING MEMBRANE STABILITY TO ENABLE SUSTAINABLE LITHIUM CHEMICAL PRODUCTION -THE BROADER/COMMERCIAL IMPACT OF THIS SMALL BUSINESS INNOVATION RESEARCH (SBIR) PHASE I PROJ,False,,lithium,environmental
2507652,UNIVERSITY OF TEXAS AT AUSTIN,49988.0,,"CONFERENCE: NORTH AMERICAN WORKSHOP ON CRITICAL MINERAL RESEARCH, DEVELOPMENT AND EDUCATION, AUGUST 13-14, 2025, AUSTIN, TEXAS, USA -2507652 (LOCMELIS). THE UNITED STATES CONSIDERS 50 MINERAL COMMODIT",False,,critical_minerals,
2507241,MCKEON MINING LLC,305000.0,,SBIR PHASE I: HEAVY MINERAL MINING IMPELLER ACCELERATED SEPARATOR -THE BROADER/COMMERCIAL IMPACT OF THIS SBIR PHASE I PROJECT IS TO INCREASE THE DOMESTIC SUPPLY OF CRITICAL MINERALS THAT ARE NECESSARY,False,,critical_minerals,separation_purification
2505344,"UNIVERSITY OF CALIFORNIA, DAVIS",15430.0,,RAPID: PRESERVING THE GEOCHEMICAL AND BIOLOGICAL CHANGES IN AN ACID MINE DRAINAGE RESERVOIR UNDERGOING RAPID GEOCHEMICAL CHANGE -ACID MINE DRAINAGE IS A MAJOR POLLUTION PROBLEM IN THE UNITED STATES AN,False,,coal_byproduct,characterization;environmental;geochemistry
2505258,UNIVERSITY OF ARIZONA,410389.0,,"COMPLETE RECYCLING OF CONCRETE WASTE TO PRODUCE CARBON-NEGATIVE GEOPOLYMER CONCRETE -THIS PROJECT WILL DEVELOP INNOVATIVE AND SUSTAINABLE TECHNOLOGY FOR COMPLETE RECYCLING OF CONCRETE WASTE, INCLUDING",False,,,recycling;environmental
2503213,UNIVERSITY OF TEXAS AT AUSTIN,257390.0,,"CAREER: INVESTIGATING THE SOURCE, TRANSPORT AND DEPOSITION OF ECONOMICALLY IMPORTANT METALS IN THE LOWER CONTINENTAL CRUST -METALS ARE CRITICAL COMPONENTS OF MODERN SOCIETY. ASIDE FROM RECYCLING, META",False,,,recycling
2500435,COLLEGE OF WESTERN IDAHO,862435.0,,DEVELOPING INNOVATIVE GEOTECHNICAL INSTRUCTION AND TRAINING -THIS PROJECT AIMS TO SERVE THE NATIONAL INTEREST BY IMPROVING CURRICULA IN MINING TECHNICIAN EDUCATION TO ALIGN TRAINING WITH INNOVATIONS I,False,,,
2500378,BOARD OF REGENTS OF NEVADA SYSTEM OF HIGHER EDUCATION,2385000.0,,EPSCOR GRADUATE FELLOWSHIP PROGRAM (EGFP): GRADUATE EXPERIENCES FOR FUTURE LEADERS: BUILDING WORKFORCE CAPACITY IN RESOURCE MANAGEMENT AND MINING -THE NATIONAL SCIENCE FOUNDATION (NSF) EPSCOR GRADUATE,False,,,
2500349,NEW MEXICO INSTITUTE OF MINING AND TECHNOLOGY,954000.0,,EPSCOR GRADUATE FELLOWSHIP PROGRAM (EGFP): WORKFORCE TRAINING TO UNDERSTAND EARTH'S RESERVOIRS AND THE ENERGY TRANSITION -THE NATIONAL SCIENCE FOUNDATION (NSF) EPSCOR GRADUATE FELLOWSHIP PROGRAM (EGFP,False,,,
2454046,BROWN UNIVERSITY,576461.0,,RARE EARTH REACTIVE OXYGEN SPECIES -WITH THE SUPPORT OF THE CHEMICAL SYNTHESIS (SYN) PROGRAM IN THE DIVISION OF CHEMISTRY PROFESSOR JEROME ROBINSON OF BROWN UNIVERSITY IS INVESTIGATING REACTIVE OXYGEN,False,,rare_earth,materials_science
2452677,UNIVERSITY OF CALIFORNIA IRVINE,600000.0,,EXPANDING REDUCTIVE CHEMISTRY AND OXIDATION STATE VARIABILITY USING THE SYNTHETIC CHEMISTRY OF THE RARE-EARTH METALS -WITH THE SUPPORT OF THE CHEMICAL SYNTHESIS (SYN) PROGRAM IN THE DIVISION OF CHEMIS,False,,rare_earth,materials_science
2451235,"PRINCETON CRITICAL MINERALS, INC.",1555000.0,,SBIR FAST-TRACK: SELECTIVE EVAPORATIVE LITHIUM TRANSPORT AND EXTRACTION FROM SALINE WATER -THE BROADER/COMMERCIAL IMPACT OF THIS SMALL BUSINESS INNOVATION RESEARCH (SBIR) FAST-TRACK PROJECT IS TO ENSU,False,,lithium,extraction
2450998,GALVANIX INC.,305000.0,,SBIR PHASE I: NOVEL PROCESS FOR NEODYMIUM MANUFACTURING USING CONTINUOUS CHLORIDE ELECTROLYSIS -THE BROADER/COMMERCIAL IMPACT OF THIS SMALL BUSINESS INNOVATION RESEARCH (SBIR) PHASE I PROJECT WILL BE ,False,,rare_earth,separation_purification
2447877,SOUTH DAKOTA SCHOOL OF MINES & TECHNOLOGY,450000.0,,"REU SITE: LITHIUM SUSTAINABILITY, MINING, RECYCLING, AND TECHNOLOGY (LI-SMART) -THIS RESEARCH EXPERIENCES FOR UNDERGRADUATES (REU) SITE AWARDED TO SOUTH DAKOTA SCHOOL OF MINES AND TECHNOLOGY, LOCATED ",False,,lithium,recycling;environmental
2446094,KENT STATE UNIVERSITY,833125.0,,GEO-CM: EVALUATING HYDROGEOCHEMICAL CONTROLS ON RARE EARTH ELEMENT AND YTTRIUM MOBILITY DURING ROCK WEATHERING FROM THE MICRO- TO LANDSCAPE-SCALE -RARE EARTH ELEMENTS (REES) ARE A GROUP OF METALS THAT,False,,rare_earth,geochemistry
2443767,UNIVERSITY OF NEW MEXICO,500000.0,,CAREER: UNDERSTANDING THE FUNDAMENTALS OF CAPTURE AND RECYCLE OF CO2 IN METAL-CO2 ELECTROCHEMICAL CELLS -THIS PROJECT IS JOINTLY FUNDED BY THE CBET ELECTROCHEMICAL SYSTEMS PROGRAM AND THE ESTABLISHED ,False,,,recycling
2442441,UNIVERSITY OF ALABAMA,508888.0,,"CAREER: DESIGN OF BIFUNCTIONAL ZEOLITE CATALYSTS FOR ETHANOL UPGRADING TO SUSTAINABLE AVIATION FUEL -RARE EARTH ELEMENTS ARE IMPORTANT IN MANY ENGINEERED APPLICATIONS, INCLUDING IN CATALYSIS. THIS PRO",False,,rare_earth,environmental;materials_science
2442353,THE UNIVERSITY OF CENTRAL FLORIDA BOARD OF TRUSTEES,697264.0,,CAREER: MANUFACTURING RARE EARTH PERMANENT MAGNETS VIA THREE-DIMENSIONAL PRINTING AND DECOMPOSITION OF HYDROGELS -THIS FACULTY EARLY CAREER DEVELOPMENT (CAREER) GRANT SUPPORTS RESEARCH THAT FOCUSES ON,False,,rare_earth,
2441115,UNIVERSITY OF DENVER,850000.0,,CAREER: ELUCIDATING THE CHEMISTRY OF BIOLOGICAL LANTHANIDE CHELATORS FOR RARE EARTH ELEMENT SEPARATION -THE CHEMISTRY OF LIFE PROCESSES PROGRAM IN THE CHEMISTRY DIVISION IS FUNDING DR. ALLEGRA ARON FR,False,,rare_earth,separation_purification
2437985,"SPEARSTONE SOLUTIONS, LLC",305000.0,,SBIR PHASE I: SEPARATION OF CLEAN GYPSUM FROM PHOSPHATE ORE PROCESSING WASTE -THE BROADER/COMMERCIAL IMPACT OF THIS SMALL BUSINESS INNOVATION RESEARCH (SBIR) PHASE I PROJECT IS IN SAFE AND ECONOMIC IS,False,,phosphate;general_mineral,separation_purification
2434527,UNIVERSITY OF ALASKA ANCHORAGE,50000.0,,I-CORPS: TRANSLATION POTENTIAL OF SUSTAINABLE BIO-MINING OF CRITICAL MINERALS -THE BROADER IMPACT OF THIS I-CORPS PROJECT IS THE DEVELOPMENT OF A PROCESS CALLED BIO-MINING TO EXTRACT RARE EARTH ELEMEN,True,biomining_general,rare_earth;critical_minerals,extraction;environmental
2434212,NEW MEXICO INSTITUTE OF MINING AND TECHNOLOGY,169286.0,,"COLLABORATIVE RESEARCH: A NEW SANIDINE-LIQUID HYGROMETER: EXPERIMENTS, CALIBRATION AND APPLICATIONS -THE COMPOSITION OF POTASSIUM FELDSPAR, A COMMON IN CONTINENTAL MAGMATIC ROCKS, CAN RECORD THE INTEN",False,,,
2432929,WESTERN KENTUCKY UNIVERSITY,199669.0,,"EMBRACE-EAR-SEED: ADVANCED PROSPECTIVITY MAPPING BY GEODATA INTEGRATION FOR CRITICAL MINERAL EXPLORATION IN MOJAVE DESERT, CALIFORNIA -CRITICAL MINERALS SUCH AS RARE EARTH ELEMENTS ARE ESSENTIAL FOR T",False,,rare_earth;critical_minerals,exploration
2430771,NEW MEXICO INSTITUTE OF MINING AND TECHNOLOGY,199999.0,,COLLABORATIVE RESEARCH: CISE MSI: RDP: CPS: BIOMIMETIC SWARM-BASED REMOTE SENSING FOR INACCESSIBLE ENVIRONMENTS -THIS PROJECT AIMS TO DEVELOP INNOVATIVE TECHNOLOGY FOR ENVIRONMENTAL MONITORING. THE RE,False,,,exploration;environmental
2429832,"UNIVERSITY OF KENTUCKY RESEARCH FOUNDATION, THE",442070.0,,IGE TRACK 1: INTEGRATING ARTIFICIAL INTELLIGENCE TECHNOLOGIES INTO MINING EDUCATION -THIS NATIONAL SCIENCE FOUNDATION INNOVATIONS OF GRADUATE EDUCATION (IGE) PROJECT AT THE UNIVERSITY OF KENTUCKY WILL,False,,,modeling_simulation
2428222,ARIZONA STATE UNIVERSITY,520855.0,,"NSF-DBT: BIOMOLECULAR ENGINEERING FOR CRITICAL MINERAL RECOVERY -CRITICAL MINERALS ARE ESSENTIAL TO THE U.S. ECONOMY AND NATIONAL SECURITY. CRITICAL MINERALS ARE USED IN MANUFACTURING COMPUTERS, CELL ",False,,uranium;critical_minerals;general_mineral,extraction
2427924,UNIVERSITY OF CHICAGO,500000.0,,FMSG: ECO: ELECTROCHEMICAL MANUFACTURING OF LITHIUM FEEDSTOCK: FROM MINING TO PRODUCTION -THE GOAL OF THIS FUTURE MANUFACTURING SEED GRANT (FMSG) PROJECT IS TO ENABLE DOMESTIC LITHIUM PRODUCTION BY DE,False,,lithium,
2427328,NEW MEXICO INSTITUTE OF MINING AND TECHNOLOGY,465220.0,,COLLABORATIVE RESEARCH: A NOVEL SOLUTION MODEL FOR IGNEOUS BIOTITE: IMPROVING MELTS AND THE BIOTITE-SANIDINE-MAGNETITE THERMOBAROMETER/HYGROMETER WITH NEW EXPERIMENTS -UNDERSTANDING WHERE LARGE VOLUME,False,,,modeling_simulation
2426725,NORTH CAROLINA STATE UNIVERSITY,612653.0,,LEVERAGING EXTREME THERMOACIDOPHILY FOR SUSTAINABLE PURIFICATION OF RARE EARTH ELEMENTS -RARE EARTH ELEMENTS (REES) ARE HARD TO OBTAIN IN HIGHLY PURIFIED FORMS. THEY ARE USED IN EVERYTHING FROM CELL P,False,,rare_earth,separation_purification;environmental
2426287,THE PENNSYLVANIA STATE UNIVERSITY,50000.0,,I-CORPS: TRANSLATION POTENTIAL OF A CHEMICAL-FREE RECYCLING PROCESS TO RECOVER MATERIALS FROM POST-CONSUMER ELECTRONIC WASTE -THE BROADER IMPACT OF THIS I-CORPS PROJECT IS THE DEVELOPMENT OF A CHEMICA,False,,,extraction;recycling
2422236,NEW MEXICO INSTITUTE OF MINING AND TECHNOLOGY,206638.0,,C2H2 EAGER: GADOLINIUM CONTAMINATION IN THE MIDDLE RIO GRANDE VALLEY: UNDERSTANDING ENVIRONMENTAL FATE AND HUMAN EXPOSURE -THE ESCALATING IMPACTS OF CLIMATE CHANGE POSE UNPRECEDENTED CHALLENGES TO FRE,False,,rare_earth,environmental
2421037,UNIVERSITY OF MASSACHUSETTS,430494.0,,ENG-NETZERO: COLLABORATIVE RESEARCH: ENGINEERING GEOMIMETIC CARBONATION TO STABILIZE MINE TAILINGS -THE GLOBAL ENERGY TRANSITION FROM FOSSIL FUELS TO RENEWABLE SOURCES AND THE ACCOMPANYING NEED FOR EN,False,,,environmental
2421036,MASSACHUSETTS INSTITUTE OF TECHNOLOGY,543985.0,,ENG-NETZERO: COLLABORATIVE RESEARCH: ENGINEERING GEOMIMETIC CARBONATION TO STABILIZE MINE TAILINGS -THE GLOBAL ENERGY TRANSITION FROM FOSSIL FUELS TO RENEWABLE SOURCES AND THE ACCOMPANYING NEED FOR EN,False,,,environmental
2420431,NEW MEXICO INSTITUTE OF MINING AND TECHNOLOGY,343807.0,,TESTING THE RECORD OF LARAMIDE BASIN PARTITIONING IN THE WESTERN UNITED STATES THROUGH QUANTITATIVE FLUVIAL STRATIGRAPHY -RIVER NETWORKS FORM AND EVOLVE IN RESPONSE TO TOPOGRAPHIC GRADIENTS ACROSS CON,False,,,
2419026,PURDUE UNIVERSITY,190936.0,,COLLABORATIVE RESEARCH:THEORY-GUIDED DESIGN AND DISCOVERY OF RARE-EARTH ELEMENT 2D TRANSITION METAL CARBIDES MXENES (RE-MXENES) -NON-TECHNICAL SUMMARY THE EVER-INCREASING DEMAND FOR HIGHER COMPUTING P,False,,rare_earth,fundamental_science
2418199,TRUSTEES OF THE COLORADO SCHOOL OF MINES,400000.0,,"A FRAMEWORK FOR TRAINING ETHICAL AND RESPONSIBLE ROBOTICISTS -ROBOTICS IS CRITICAL TO MANY AREAS OF NATIONAL INTEREST, SUCH AS SEARCH AND RESCUE, SPACE EXPLORATION, AGRICULTURE, AND MINING, AS WELL AS",False,,,exploration
2418193,UNIVERSITY OF MISSOURI SYSTEM,49948.0,,"CONFERENCE: RESILIENT SUPPLY OF CRITICAL MINERALS, ROLLA, MO, AUGUST 7-8, 2024 -THE UNITED STATES IS IMPORT- RELIANT FOR MOST OF THE 50 MATERIALS THAT ARE CURRENTLY CLASSIFIED AS CRITICAL MINERALS. RE",False,,critical_minerals,
2417156,NEW MEXICO INSTITUTE OF MINING AND TECHNOLOGY,8464.0,,CONFERENCE: ROCKY MOUNTAIN GEOBIOLOGY SYMPOSIUM 2024 -CONFERENCE: ROCKY MOUNTAIN GEOBIOLOGY SYMPOSIUM 2024 ABSTRACT THE ROCKY MOUNTAIN GEOBIOLOGY SYMPOSIUM (RMGS) IS A GEOBIOLOGY CONFERENCE FOCUSED ON,False,,,
2415193,BOARD OF REGENTS OF THE UNIVERSITY OF NEBRASKA,619688.0,,"NSF-MEITY: METAL ADDITIVE MANUFACTURING, ADVANCED PHOTON SOURCE, IN-SITU MONITORING, RARE-EARTH MAGNET, MATERIALS DESIGN -WITH MORE THAN HALF OF THE US ELECTRICITY CONSUMPTION DUE TO ELECTRICAL MOTORS",False,,rare_earth,
2414588,THE UNIVERSITY OF MISSISSIPPI,470475.0,,"INTEGRATING REMOTE SENSING AND DEEP LEARNING FOR PREDICTIVE SURVEILLANCE OF MINE TAILINGS IMPOUNDMENTS -THE IMPACTS OF CLIMATE CHANGE HAVE LED TO AN INCREASE IN EXTREME WEATHER EVENTS, POSING SIGNIFIC",False,,,exploration;environmental;modeling_simulation
2410054,NORTHWESTERN UNIVERSITY,193583.0,,COLLECTIVE INTERACTION OF PHOTONS WITH RARE EARTH IONS ON A PHOTONIC CHIP -TITLE: STUDY OF COHERENT INTERACTION OF LIGHT WITH ARRAYS OF RARE-EARTH IONS IN CRYSTALLINE MICRO PHOTONIC STRUCTURES LIGHT P,False,,rare_earth,
2408829,NEW MEXICO INSTITUTE OF MINING AND TECHNOLOGY,1569800.0,,MRI: TRACK 2 ACQUISITION OF MODERN FIELD EMISSION ELECTRON MICROPROBE FOR CURRENT RESEARCH AND WORKFORCE DEVELOPMENT -THIS MAJOR RESEARCH INSTRUMENTATION (MRI) AWARD FUNDS THE ACQUISITION OF A STATE-O,False,,,
2403630,REDACTED DUE TO PII,180000.0,,POSTDOCTORAL FELLOWSHIP: EAR-PF: EROSION ON THE MOUNTAINTOP REMOVAL COAL MINING LANDSCAPES OF CENTRAL APPALACHIA -A MASSIVE TRANSITION TO RENEWABLE ENERGY IS UNDERWAY. THIS TRANSITION IS VITAL FOR AVO,False,,,
2403614,REDACTED DUE TO PII,0.0,,POSTDOCTORAL FELLOWSHIP: EAR-PF: GLOBAL RARE EARTH ELEMENT CYCLES: CONSTRAINING FLUXES THROUGH SUBDUCTING SYSTEMS -DR. CHARLOTTE CONNOP HAS BEEN AWARDED AN NSF EAR POSTDOCTORAL FELLOWSHIP TO PERFORM R,False,,rare_earth,
2402669,"TRUSTEES OF THE UNIVERSITY OF PENNSYLVANIA, THE",1000000.0,,RAISE: CET: REE-SELECTIVE PROTEIN HYDROGELS TO ENABLE CATION TRAPPING (REESPECT) FOR LANTHANIDE RECOVERY FROM RECYCLING FEEDSTOCKS -THIS RESEARCH ADVANCED BY INTERDISCIPLINARY SCIENCE AND ENGINEERING ,True,protein_based,rare_earth,extraction;recycling
2402634,UNIVERSITY OF ALABAMA,1000000.0,,"RAISE: CET: RARE-EARTH-FREE MAGNET AND AI-DRIVEN CONTROL FOR POWER GENERATION, TRANSMISSION, AND GRID INTEGRATION OF OFFSHORE WIND -THIS PROJECT IS JOINTLY FUNDED BY THE ESTABLISHED PROGRAM TO STIMULA",False,,rare_earth,
2401006,TRUSTEES OF TUFTS COLLEGE,1000000.0,,RAISE: CET: ZWITTERIONIC MEMBRANES FOR RARE EARTH ELEMENT (REE) SEPARATIONS -THIS RESEARCH ADVANCED BY INTERDISCIPLINARY SCIENCE AND ENGINEERING (RAISE) AWARD IS MADE IN RESPONSE TO DEAR COLLEAGUE LET,False,,rare_earth,separation_purification
2400992,UNIVERSITY OF DELAWARE,999257.0,,RAISE: CET: ENHANCED RECOVERY OF RARE-EARTH ELEMENTS THROUGH FORMATION OF HIGH-TEMPERATURE SULFATE LIQUIDS: TOWARDS MORE CIRCULAR UTILIZATION PATHWAYS -THIS PROJECT IS JOINTLY FUNDED BY THE ESTABLISHE,False,,rare_earth,extraction
2400480,UNIVERSITY OF UTAH,527669.0,,"ENABLING L10 ORDERING IN BULK FENI ALLOYS AND AN ALTERNATIVE FOR ND2FE14B- BASED PERMANENT MAGNETS -NON-TECHNICAL SUMMARY NDFEB BASED MAGNETS ARE IN INCREASED DEMAND FOR USE IN WIND MILLS, DC MOTORS I",False,,,
2346611,SYRACUSE UNIVERSITY,147775.0,,COLLABORATIVE RESEARCH: GEO-CM CRITICAL MINERAL PROVENANCE OF SOUTHEASTERN U.S. CLASTIC SYSTEMS - FOCUS ON DETRITAL MONAZITE -THE U.S. LACKS RESOURCES FOR MANY MINERALS THAT CONTAIN ELEMENTS CRITICAL ,False,,uranium;critical_minerals,
2346610,"UNIVERSITY OF KENTUCKY RESEARCH FOUNDATION, THE",451225.0,,COLLABORATIVE RESEARCH: GEO-CM CRITICAL MINERAL PROVENANCE OF SOUTHEASTERN U.S. CLASTIC SYSTEMS - FOCUS ON DETRITAL MONAZITE -THE U.S. LACKS RESOURCES FOR MANY MINERALS THAT CONTAIN ELEMENTS CRITICAL ,False,,uranium;critical_minerals,
2346163,"OHIO STATE UNIVERSITY, THE",172165.0,,COLLABORATIVE RESEARCH: ECO-CBET: PUTTING ENTROPY TO WORK: LEVERAGING THE ROLE OF WATER ORGANIZATION IN PEPTIDE BINDING EVENTS TO SELECTIVELY RECOVER RARE EARTHS -RARE-EARTH ELEMENTS ARE CRITICAL COMP,False,,rare_earth,extraction
2342993,RECTOR & VISITORS OF THE UNIVERSITY OF VIRGINIA,300000.0,,EAGER: CET: RECOVERING LITHIUM DURING BATTERY RECYCLING USING REDOX MEDIATORS AND SELECTIVE NONAQUEOUS MEMBRANES -THIS EARLY-CONCEPT GRANTS FOR EXPLORATORY RESEARCH (EAGER) AWARD IS MADE IN RESPONSE T,False,,lithium;battery_materials,extraction;recycling
2342967,TRUSTEES OF BOSTON COLLEGE,300000.0,,"EAGER: CET: BIOHYDROMETALLURGIC RECYCLING OF SPENT LI-ION BATTERIES -THIS EARLY-CONCEPT GRANTS FOR EXPLORATORY RESEARCH (EAGER) AWARD IS MADE IN RESPONSE TO DEAR COLLEAGUE LETTER 23-109, AS PART OF TH",False,,lithium,recycling
2341956,UNIVERSITY OF HAWAII,1575675.0,,R/V KILO MOANA BOEM RESEARCH CRUISE -OCEANOGRAPHIC AND GEOLOGIC CRITERIA INDICATE THAT ABYSSAL MANGANESE NODULES MAY OCCUR IN THE ABYSSAL REGIONS OF THE SOUTHEASTERN PORTION OF THE EXCLUSIVE ECONOMIC ,False,,manganese,
2341653,THE WASHINGTON AND LEE UNIVERSITY,180189.0,,COLLABORATIVE RESEARCH: GEO-CM: RARE EARTH ELEMENT AND YTTRIUM EXTRACTION BY BIOTIC AND ABIOTIC HYDROUS MANGANESE OXIDES ASSOCIATED WITH ACIDIC MINE DRAINAGE -WITH THE PROJECTED GROWTH IN RENEWABLE EN,False,,rare_earth;manganese,extraction
2341652,UNIVERSITY OF PITTSBURGH - OF THE COMMONWEALTH SYSTEM OF HIGHER EDUCATION,369810.0,,COLLABORATIVE RESEARCH: GEO-CM: RARE EARTH ELEMENT AND YTTRIUM EXTRACTION BY BIOTIC AND ABIOTIC HYDROUS MANGANESE OXIDES ASSOCIATED WITH ACIDIC MINE DRAINAGE -WITH THE PROJECTED GROWTH IN RENEWABLE EN,False,,rare_earth;manganese,extraction
2341214,"REGENTS OF THE UNIVERSITY OF CALIFORNIA, THE",50000.0,,I-CORPS: BIOLOGICAL SOLUTIONS FOR RECOVERY OF RARE EARTH ELEMENTS -THE BROADER IMPACT/COMMERCIAL POTENTIAL OF THIS I-CORPS PROJECT IS THE DEVELOPMENT OF A BACTERIAL BIOPROCESS TO GENERATE RARE EARTH E,True,biological_recovery,rare_earth,extraction
2337221,UNIVERSITY OF TEXAS AT ARLINGTON,300000.0,,"EAGER: CET: FUNCTIONALIZED GRAPHENE FOR SUSTAINABLE RARE EARTH METAL SEPARATION -1 NON-TECHNICAL SUMMARY RARE-EARTH (RE) METALS ARE CRITICAL COMPONENTS TO PAST, PRESENT AND FUTURE TECHNOLOGIES AND IND",False,,rare_earth,separation_purification;environmental
2335379,RIVALIA CHEMICAL CO,275000.0,,SBIR PHASE I: SUSTAINABLE RARE EARTH ELEMENT PRODUCTION FROM COAL COMBUSTION BYPRODUCTS -THE BROADER IMPACT/COMMERCIAL POTENTIAL OF THIS PHASE I SMALL BUSINESS INNOVATION RESEARCH (SBIR) PROJECT IS TO,False,,rare_earth;coal_byproduct,environmental
2334563,THE UNIVERSITY OF TEXAS AT EL PASO,200000.0,,"PLANNING: PREC: UTEP-CSOE COLLABORATIVE FOR THE SEPARATION, DETECTION, AND REMEDIATION OF RARE EARTH ELEMENTS -IN THIS PLANNING GRANT, FUNDED BY THE CHEMISTRY DIVISION AT NSF, PROFESSORS SKYE FORTIER ",False,,rare_earth,separation_purification;environmental
2333630,NEW MEXICO INSTITUTE OF MINING AND TECHNOLOGY,390000.0,,CAREER: EMERGENCE OF IN-LIQUID STRUCTURES IN METALLIC ALLOYS BY NUCLEATION AND GROWTH -NONTECHNICAL SUMMARY CRYSTALLIZATION IS A WELL-KNOWN PHENOMENON WHERE SOLID REGIONS START FORMING WITHIN A LIQUID,False,,,separation_purification
2330041,NORTHWESTERN UNIVERSITY,250000.0,,"GLOBAL CENTERS TRACK 2: SUREMIN: SUSTAINABLE, RESILIENT, RESPONSIBLE GLOBAL MINERALS SUPPLY CHAIN -TO DECARBONIZE AT THE SCALE AND PACE REQUIRED TO ADDRESS CLIMATE CHANGE, THERE IS AN INCREASING DEMAN",False,,,environmental
2329835,THE TRUSTEES OF PRINCETON UNIVERSITY,550000.0,,PFI-TT: CONCENTRATING AND SEPARATING LITHIUM FROM BRINE SOURCES -THE BROADER IMPACT/COMMERCIAL POTENTIAL OF THIS PARTNERSHIPS FOR INNOVATION - TECHNOLOGY TRANSLATION (PFI-TT) PROJECT IS IN SOLVING THE,False,,lithium,separation_purification
2329006,NEW MEXICO INSTITUTE OF MINING AND TECHNOLOGY,800000.0,,EXPANDQISE: TRACK 1: LIGHT-CONTROLLED MAGNETISM IN FLOQUET-BLOCH SYSTEMS -NON-TECHNICAL ABSTRACT: RECENT ADVANCEMENTS IN MATERIAL SYNTHESIS AND NANOTECHNOLOGY HAVE LED TO THE DISCOVERY OF NEW MATERIAL,False,,,materials_science
2327940,UNIVERSITY OF ROCHESTER,615305.0,,"GEO-CM: PROSPECTING FOR CRITICAL ELEMENT DEPOSITS: AN INTERDISCIPLINARY APPROACH USING EXPERIMENTAL GEOCHEMISTRY AND FIELD-INFORMED MODELING OF SEDIMENT TRANSPORT -CRITICAL MINERALS LIKE COBALT, NIOBI",False,,cobalt;critical_minerals,exploration;characterization;modeling_simulation;geochemistry
2327807,ARIZONA STATE UNIVERSITY,638334.0,,GEO-CM: EMPOWERING USERS AS BUILDERS: A COMMUNITY-DRIVEN PLATFORM FOR GEOCHEMICAL MODELING OF CRITICAL MINERALS -THE LIST OF CRITICAL MINERALS FROM THE USGS GIVES 50 ELEMENTS THAT CAN BE DISSOLVED IN ,False,,critical_minerals,characterization;modeling_simulation;geochemistry
2327757,BOARD OF REGENTS OF NEVADA SYSTEM OF HIGHER EDUCATION,439728.0,,GEO-CM: THE ENRICHMENT OF CRITICAL METALS IN PORPHYRY CU DEPOSITS: A HIGH-RESOLUTION MINERAL-SCALE APPROACH TO ASSESS TEMPORAL AND SPATIAL VARIATION IN ORE FORMING PROCESSES -WE LIVE IN A MINING-BASED,False,,copper;critical_minerals;general_mineral,
2327676,MONTANA TECHNOLOGICAL UNIVERSITY,345005.0,,"GEO-CM: TRACE METALS IN SPHALERITE FROM POLYMETALLIC, PORPHYRY-LODE MINERAL DEPOSITS OF SOUTHWEST MONTANA -SPHALERITE IS THE PRIMARY ORE MINERAL OF ZINC, AND IT OFTENS CONTAINS ELEVATED CONCENTRATIONS",False,,zinc,
2327660,GEORGIA TECH RESEARCH CORP,277601.0,,"COLLABORATIVE RESEARCH: GEO-CM: THE OCCURRENCES OF THE RARE EARTH ELEMENTS IN HIGHLY WEATHERED SEDIMENTARY ROCKS, GEORGIA KAOLINS. -COLLABORATIVE RESEARCH: GEO-CM: THE OCCURRENCES OF THE RARE EARTH EL",False,,rare_earth,geochemistry
2327659,GEORGIA STATE UNIVERSITY RESEARCH FOUNDATION INC,239788.0,,"COLLABORATIVE RESEARCH: GEO-CM: THE OCCURRENCES OF THE RARE EARTH ELEMENTS IN HIGHLY WEATHERED SEDIMENTARY ROCKS, GEORGIA KAOLINS. -COLLABORATIVE RESEARCH: GEO-CM: THE OCCURRENCES OF THE RARE EARTH EL",False,,rare_earth,geochemistry
2327627,THE TRUSTEES OF COLUMBIA UNIVERSITY IN THE CITY OF NEW YORK,175000.0,,CAS-SC: THERMALLY SWITCHABLE ORGANIC SOLVENTS FOR TARGETED HARVESTING OF LITHIUM IONS FROM ALKALI METAL CATIONS MIXTURES IN HYPERSALINE BRINES -DEVELOPING NEW TECHNOLOGIES TO EXTRACT LITHIUM FROM UNCO,False,,lithium,extraction
2327617,"WASHINGTON UNIVERSITY, THE",350000.0,,GEO-CM: BIOGEOCHEMICAL PROCESSES AFFECTING CRITICAL MINERAL HOSTS IN MINE TAILINGS AND WEATHERED ORE ZONES -NEW DOMESTIC RESOURCES OF CRITICAL MINERALS ARE NEEDED TO SUPPORT A SUSTAINABLE ECONOMY. RAR,False,,critical_minerals,environmental
2327527,OKLAHOMA STATE UNIVERSITY,296901.0,,"GEO-CM:A SYSTEMATIC INVESTIGATION OF SORPTION MECHANISMS OF LIGHT REES ON IRON OXIDES: ROLES OF MINERAL MORPHOLOGY, CRYSTALLINITY, AND SURFACE SITES -RARE-EARTH ELEMENTS (REES) ARE CRITICAL MATERIALS ",False,,rare_earth;critical_minerals,fundamental_science
2327493,NEW MEXICO INSTITUTE OF MINING AND TECHNOLOGY,299807.0,,RII TRACK-4:@NASA: PROCESS-STRUCTURE-PROPERTY RELATIONSHIP OF THE HYBRID MANUFACTURED MULTIFUNCTIONAL MECHANO-LUMINESCENCE-OPTOELECTRONIC FIBERS -A HEALTH MONITORING WEARABLE HAS BEEN CONSIDERED AS ON,False,,,
2327078,"ASTROFORGE, INC.",275000.0,,SBIR PHASE I: ELECTROMAGNETIC-ABLATIVE PGM REFINING FOR IN-SITU ASTEROID MINING -THIS SBIR PHASE I PROJECT WILL WORK TO REVOLUTIONIZE THE PRECIOUS METAL COMMODITY MARKET THROUGH ASTEROID MINING. THE C,False,,gold,
2326535,NEVADA SYSTEM OF HIGHER EDUCATION,594726.0,,"INVESTIGATING ROMAN ERA, BLACK DEATH, AND INDUSTRIAL ERA POLLUTION SOURCES USING INVERSE MODELING OF LEAD ISOTOPES IN AN ARRAY OF HIGH-RESOLUTION ARCTIC ICE CORES -FOR THE PAST 2500 YEARS, MINING, SME",False,,,environmental;modeling_simulation;geochemistry
2323989,REGENTS OF THE UNIVERSITY OF MINNESOTA,450000.0,,COLLABORATIVE RESEARCH: DMREF: RATIONAL DESIGN OF REDOX-RESPONSIVE MATERIALS FOR CRITICAL ELEMENT SEPARATIONS -NON-TECHNICAL DESCRIPTION: RARE-EARTH ELEMENTS AND PLATINUM GROUP METALS ARE CRITICAL ELE,False,,critical_minerals,separation_purification
2323988,UNIVERSITY OF ILLINOIS,1600000.0,,COLLABORATIVE RESEARCH: DMREF: RATIONAL DESIGN OF REDOX-RESPONSIVE MATERIALS FOR CRITICAL ELEMENT SEPARATIONS -NON-TECHNICAL DESCRIPTION: RARE-EARTH ELEMENTS AND PLATINUM GROUP METALS ARE CRITICAL ELE,False,,critical_minerals,separation_purification
2323533,BOARD OF REGENTS OF NEVADA SYSTEM OF HIGHER EDUCATION,225884.0,,RII TRACK-4:NSF: DYG-MAP: FAST ALGORITHMS FOR MINING AND ANALYSIS OF EVOLVING PATTERNS IN LARGE DYNAMIC GRAPHS -GRAPHS (NETWORKS) ARE A VERSATILE SCIENTIFIC FRAMEWORK TO REPRESENT AND ANALYZE BIOLOGIC,False,,,
2323500,UNIVERSITY OF CONNECTICUT HEALTH CENTER,322382.0,,"COLLABORATIVE RESEARCH: PREDICTING THE MECHANICAL PROPERTIES OF BIOMIMETIC APATITE CRYSTALS DUE TO CO AND CR ION SUBSTITUTIONS -NON-TECHNICAL ABSTRACT: WHEN IMPLANTS, LIKE HIP IMPLANTS MADE OF COBALT ",False,,cobalt;phosphate,
2323499,UNIVERSITY OF ARKANSAS,0.0,,"COLLABORATIVE RESEARCH: PREDICTING THE MECHANICAL PROPERTIES OF BIOMIMETIC APATITE CRYSTALS DUE TO CO AND CR ION SUBSTITUTIONS -NON-TECHNICAL ABSTRACT: WHEN IMPLANTS, LIKE HIP IMPLANTS MADE OF COBALT ",False,,cobalt;phosphate,
2323050,NEW MEXICO INSTITUTE OF MINING AND TECHNOLOGY,149999.0,,SCC-PG: SUSTAINABLE VERTIPORTS FOR BRINGING AUTONOMOUS DRONE SWARM INSPECTION TO OIL AND GAS INDUSTRY COMMUNITY -THIS NSF SMART AND CONNECTED COMMUNITY (S&CC) PLANNING GRANT WILL SET THE GROUNDWORK FO,False,,,environmental
2321486,UNIVERSITY OF TEXAS AT AUSTIN,489453.0,,UNDERSTANDING THE STRUCTURAL TRANSFORMATIONS OF ALUMINUM FOIL ANODES DURING ELECTROCHEMICAL DE(ALLOYING) FOR SUSTAINABLE LITHIUM-ION BATTERIES -LITHIUM-ION BATTERIES WILL PLAY AN ESSENTIAL ROLE IN THE,False,,lithium,environmental
2320162,NEW MEXICO INSTITUTE OF MINING AND TECHNOLOGY,900002.0,,MRI: TRACK 1 ACQUISITION OF A HIGH-PERFORMANCE COMPUTING SYSTEM AT NEW MEXICO TECH -PROGRESS IN MODERN SCIENCE AND EDUCATION HAS BECOME INCREASINGLY RELIANT ON ADVANCED SOFTWARE AND COMPUTER SYSTEMS T,False,,,
2318122,THE JOHNS HOPKINS UNIVERSITY,2000000.0,,"EFRI ELIS: ENGINEERING FUNGAL PLATFORMS FOR SUSTAINABLE BIOMINING AND RECOVERY OF VALUABLE METALS FROM ELECTRONIC WASTES -CRITICAL METALS SUCH AS NICKEL (NI), COBALT (CO), AND OTHERS ARE NECESSARY COM",True,biomining_general,cobalt;nickel;critical_minerals,extraction;environmental
2317512,REGENTS OF THE UNIVERSITY OF MINNESOTA,1999082.0,,"EFRI ELIS: ENGINEERED LIVING BIOFILMS (ELBS) FOR CRITICAL MINERAL BIOMINING AND BIOREMEDIATION APPLICATIONS -RARE EARTH ELEMENTS (REES) ARE ESSENTIAL COMPONENTS IN ELECTRICAL VEHICLES, SOLAR PANELS, L",True,bioremediation;biomining_general,rare_earth;critical_minerals,
2317294,UNIVERSITY OF ARIZONA,102546.0,,COLLABORATIVE RESEARCH: THE ROLE OF LONG-DISTANCE METALLURGY TRADE IN ESTABLISHING SOCIAL COMPLEXITY -RESEARCHERS ARE RECONSTRUCTING THE EARLY HISTORY OF MINING AND LONG-DISTANCE TRADE OF METALS WITHI,False,,general_mineral,
2317293,UNIVERSITY OF MISSOURI SYSTEM,180912.0,,COLLABORATIVE RESEARCH: THE ROLE OF LONG-DISTANCE METALLURGY TRADE IN ESTABLISHING SOCIAL COMPLEXITY -RESEARCHERS ARE RECONSTRUCTING THE EARLY HISTORY OF MINING AND LONG-DISTANCE TRADE OF METALS WITHI,False,,general_mineral,
2314530,UNIVERSITY OF MISSOURI SYSTEM,49989.0,,"CONFERENCE: CAS - CLIMATE: RESILIENT SUPPLY OF CRITICAL MINERALS, ROLLA, MO, AUGUST 9-10, 2023 -IN 2019, THE DEPARTMENT OF STATE FULFILLED A 2017 PRESIDENTIAL EXECUTIVE ORDER AND IDENTIFIED 35 CRITICA",False,,critical_minerals,
2313679,TRUSTEES OF UNION COLLEGE IN THE TOWN OF SCHENECTADY IN THE STATE OF NEW YORK,118795.0,,"COLLABORATIVE RESEARCH: RUI: DIFFUSION STUDIES IN BADDELEYITE AND ZIRCON -THE MINERALS ZIRCON (ZRSIO4) AND BADDELEYITE (ZRO2), ALTHOUGH PRESENT ONLY IN LOW CONCENTRATIONS IN MOST ROCKS, ARE IMPORTANT ",False,,,
2313678,"RESEARCH FOUNDATION FOR THE STATE UNIVERSITY OF NEW YORK, THE",165744.0,,"COLLABORATIVE RESEARCH: RUI: DIFFUSION STUDIES IN BADDELEYITE AND ZIRCON -THE MINERALS ZIRCON (ZRSIO4) AND BADDELEYITE (ZRO2), ALTHOUGH PRESENT ONLY IN LOW CONCENTRATIONS IN MOST ROCKS, ARE IMPORTANT ",False,,,
2311311,YALE UNIV,570710.0,,"THERMO-MECHANICAL SEPARATION BY ATOMIC DIFFUSION FOR REFINEMENT AND RECYCLING OF ALLOYS -RESEARCH SUPPORTED BY THIS GRANT FOCUSES ON A SEPARATION METHOD FOR EFFICIENT RECYCLING OF METALLIC ALLOYS, WHI",False,,,separation_purification;recycling;fundamental_science
2310948,VIRGINIA POLYTECHNIC INSTITUTE & STATE UNIVERSITY,899999.0,,IUCRC PHASE II+ VIRGINIA TECH: CENTER TO ADVANCE THE SCIENCE OF EXPLORATION TO RECLAMATION IN MINING (CASERM) -MINING IS ESSENTIAL TO MODERN SOCIETY'S TRANSITION TO A SUSTAINABLE FUTURE. MEETING THE G,False,,,exploration;environmental
2310920,TRUSTEES OF THE COLORADO SCHOOL OF MINES,1894176.0,,IUCRC PHASE II+ COLORADO SCHOOL OF MINES: CENTER TO ADVANCE THE SCIENCE OF EXPLORATION TO RECLAMATION IN MINING (CASERM) -MINING IS ESSENTIAL TO MODERN SOCIETY'S TRANSITION TO A SUSTAINABLE FUTURE. ME,False,,,exploration;environmental
2310234,VIRGINIA COMMONWEALTH UNIVERSITY,575292.0,,LASER DIRECTED ENERGY DEPOSITION PROCESSING OF EXCHANGE-BIASED BULK NANOCOMPOSITE PERMANENT MAGNETS USING TAILORED FERROMAGNETIC-MATRIX POWDER -PERMANENT MAGNETS PLAY AN INDISPENSABLE ROLE IN ENABLING,False,,,
2307870,COLORADO STATE UNIVERSITY,148789.0,,DISES INVESTIGATING MERCURY BIOGEOCHEMICAL CYCLING VIA MIXED-METHODS IN COMPLEX ARTISANAL GOLD MINING LANDSCAPES AND IMPLICATIONS FOR COMMUNITY HEALTH -HUMAN ACTIVITIES LEAD TO INCREASED CONTAMINATION,False,,gold,environmental
2304412,REEGEN INC,275000.0,,"SBIR PHASE I: A CLEAN, BIOLOGICAL SOLUTION TO SUSTAINABLE ENERGY?S RARE EARTH PROBLEM -THE BROADER/COMMERCIAL IMPACT OF THIS SMALL BUSINESS INNOVATION RESEARCH (SBIR) PHASE I PROJECT IS TO REDUCE THE ",False,,rare_earth,environmental
2301570,GEORGIA SOUTHERN UNIVERSITY RESEARCH & SERVICE FOUNDATION INC,195574.0,,ERI: UNDERSTANDING AUSTENITE REFINEMENT MECHANISM IN NICKEL-ALLOYED DUCTILE CAST IRONS -THIS ENGINEERING RESEARCH INITIATION (ERI) GRANT ENABLES FUNDAMENTAL UNDERSTANDING OF REFINING AUSTENITE GRAIN S,False,,nickel,fundamental_science
2301545,NEW MEXICO INSTITUTE OF MINING AND TECHNOLOGY,199795.0,,ERI: DYNAMIC MEMBRANES IN ANAEROBIC WASTEWATER TREATMENT SYSTEMS: ENHANCING MITIGATION OF EMERGING MICROBIAL THREATS TO PROMOTE SAFE WATER REUSE -ANEROBIC MEMBRANE BIOREACTORS (ANMBRS) ARE PROVIDING N,False,,,
2247668,"TRUSTEES OF THE UNIVERSITY OF PENNSYLVANIA, THE",550000.0,,"SYNTHESIS, CHARACTERIZATION, AND REACTIVITY STUDIES OF CERIUM-LIGAND MULTIPLE BONDS AND ORGANOMETALLICS AND COMPARISONS WITH THORIUM, URANIUM, AND GROUP IV CONGENERS -WITH SUPPORT FROM THE CHEMICAL SY",False,,rare_earth;uranium,characterization;materials_science
2244916,TRUSTEES OF THE COLORADO SCHOOL OF MINES,129105.0,,CONFERENCE: CRITICAL MATERIALS AND CLEAN SUSTAINABLE ENERGY - A SQUARE TABLE WORKSHOP -NON-TECHNICAL DESCRIPTION MATERIALS ACT AS CORE ENABLERS OF TRANSFORMATIVE TECHNOLOGIES THAT CAN HELP ADDRESS GLO,False,,critical_minerals,environmental
2242904,MICHIGAN STATE UNIVERSITY,456134.0,,TRACKING SODIUM IN EARTHS DEEP MANTLE -SODIUM IS CONCENTRATED IN REGIONS OF THE EARTH WHERE FLUIDS CYCLE WITHIN THE PLANET AS WELL AS IN OCEANIC CRUST SINKING AND MIXING INTO THE MANTLE. BECAUSE SODIU,False,,,
2242668,MICHIGAN TECHNOLOGICAL UNIVERSITY,0.0,,"INTEGRATING REMOTE SENSING AND DEEP LEARNING FOR PREDICTIVE SURVEILLANCE OF MINE TAILINGS IMPOUNDMENTS -THE IMPACTS OF CLIMATE CHANGE HAVE LED TO AN INCREASE IN EXTREME WEATHER EVENTS, POSING SIGNIFIC",False,,,exploration;environmental;modeling_simulation
2239710,NEW MEXICO INSTITUTE OF MINING AND TECHNOLOGY,908945.0,,"CAREER: DO MICROBES FORM CAVES? SULFIDE OXIDATION AND LIMESTONE CORROSION IN SULFURIC ACID CAVES -SOME OF THE WORLD?S LARGEST AND MOST SPECTACULAR LIMESTONE CAVES, INCLUDING CARLSBAD CAVERN AND LECHUG",False,,,
2239326,CORNELL UNIVERSITY,480837.0,,"CAREER: MINING HINTS FROM TEXT DOCUMENTS TO GUIDE AUTOMATED DATABASE PERFORMANCE TUNING -DATABASE MANAGEMENT SYSTEMS; THAT IS, SYSTEMS THAT PROCESS AND MANAGE LARGE DATA SETS, ARE USED WIDELY, ACROSS ",False,,,
DEFE0032247,VIRGINIA POLYTECHNIC INSTITUTE & STATE UNIVERSITY,999432.0,,"THE PURPOSE OF THIS PROJECT IS TO PROVIDE A THOROUGH RESOURCE ASSESSMENT OF NATURAL MATERIALS, AS WELL AS INDUSTRIAL AND MINE WASTES TO BE USED IN BOTH IN-SITU AND EX-SITU CO2 MINERALIZATION PROCESSES",False,,general_mineral;coal_byproduct,waste_valorization;characterization
DEEE0010879,NEW MEXICO INSTITUTE OF MINING AND TECHNOLOGY,500000.0,,DEVELOPMENT OF A HIGHLY EFFICIENT AND NOVEL DISTILLATION-ASSISTED MEMBRANE FOR DIRECT LITHIUM EXTRACTION FROM GEOTHERMAL BRINES,False,,lithium,extraction;process_development
